id,user_id,institution_id,account_id,name,type,subtype,account_category,current_balance,available_balance,mask,official_name,currency_code,hidden,created_at,updated_at,limit,iso_currency_code,last_updated,is_deleted,is_hidden,plaid_account_id,is_investment_account,is_debt_account,debt_type,interest_rate,late_fee,minimum_payment,payment_due_date,maturity_date,available_credit,credit_limit,loan_balance,origination_date,payment_amount,portfolio_value,account_subtype,is_investment,icon_url,color,is_auth,is_authenticated,loan_type,loan_term,loan_rate,is_plaid_synced,status,plaid_item_id
00136715-f365-4265-8a0d-aaed09b18d00,76fd3ee4-9717-4f92-97b1-e60ee8624231,ins_sandbox,aKQa8eqJQDiXzRxayGMVcANGRmKE1DIZJx1yR,Plaid IRA,investment,ira,,320.76,0.00,,,USD,false,2025-04-01 05:34:55.843696+00,2025-04-01 17:29:16.809146+00,,,2025-04-01 17:21:40.576331+00,false,false,,true,false,,,,,,,,,,,,320.76,,true,,,false,false,,,,true,active,da49b2a8-de5c-471b-99cd-5ae6104b2c80
0118e67e-82da-4fc2-88bf-412fe61d1e8f,87fea98f-c633-4b41-ac83-731912da82f7,ins_sandbox,account_f6e899d9-7785-4e01-9c0a-ff5d690e5587,Investment Account,investment,brokerage,,52000.00,52000.00,3456,Brokerage Account,USD,false,2025-04-01 03:48:31.547286+00,2025-04-01 05:19:50.364575+00,,USD,2025-04-01 03:48:31.547286+00,false,false,,false,false,,,,,,,,,,,,,,false,,,false,false,,,,true,active,
0194b632-1e5f-478a-84db-fbd0d9c6697d,87fea98f-c633-4b41-ac83-731912da82f7,ins_sandbox,DPo8ZALo3qTNlkKamEZPcvEB3xGMqNt37je6L,Plaid Student Loan,loan,student,,65262.00,0.00,,,USD,false,2025-04-01 05:20:21.469019+00,2025-04-01 06:45:12.825232+00,,,2025-04-01 05:20:21.469019+00,false,false,,false,false,,,,,,,,,,,,,,false,,,false,false,,,,true,active,b9b33257-2316-4ced-a081-ceb6a7d6e052
01cb4517-6b26-4eae-84f7-f33d901f3c2b,76fd3ee4-9717-4f92-97b1-e60ee8624231,,27cf433a-05d2-478d-86a0-754e65a60a57,Account a60a57,depository,checking,,0.00,0.00,,,USD,false,2025-04-01 08:08:57.627371+00,2025-04-01 08:08:57.627371+00,,,2025-04-01 08:08:57.627371+00,false,false,,false,false,,,,,,,,,,,,,,false,,,false,false,,,,false,active,
073592ce-18b3-4508-adc8-48d9c87befe8,76fd3ee4-9717-4f92-97b1-e60ee8624231,,388326dc-5059-4cba-aea9-dacdd18b0f68,Account 8b0f68,depository,checking,,0.00,0.00,,,USD,false,2025-04-01 08:08:53.77269+00,2025-04-01 08:08:53.77269+00,,,2025-04-01 08:08:53.77269+00,false,false,,false,false,,,,,,,,,,,,,,false,,,false,false,,,,false,active,
078ba560-ceae-49b1-9197-300cc7b5f2de,76fd3ee4-9717-4f92-97b1-e60ee8624231,ins_sandbox,AGjl9Qezq6sxe57ZmWznT7qN3Wo1k4c9Kdkda,Plaid CD,depository,cd,,1000.00,0.00,,,USD,false,2025-04-01 07:53:40.440944+00,2025-04-01 17:29:10.394385+00,,,2025-04-01 07:53:40.440944+00,false,false,,false,false,,,,,,,,,,,,,,false,,,false,false,,,,true,active,2702a186-7c9c-4085-b192-d5fefb4da770
08a425f5-fa8f-467c-87ea-c6472cbaa660,76fd3ee4-9717-4f92-97b1-e60ee8624231,ins_sandbox,zVvdGmWBvLsaxmBoR6rQTPZxM76NajtlB1wkr,Plaid Checking,depository,checking,,110.00,100.00,,,USD,false,2025-04-01 05:34:54.792683+00,2025-04-01 17:29:15.806791+00,,,2025-04-01 05:34:54.792683+00,false,false,,false,false,,,,,,,,,,,,,,false,,,false,false,,,,true,active,da49b2a8-de5c-471b-99cd-5ae6104b2c80
0b1d8426-3781-4168-ad02-972a00c3a749,76fd3ee4-9717-4f92-97b1-e60ee8624231,,18ff043f-a137-4d4b-a6d1-3ecdf025a273,Account 25a273,depository,checking,,0.00,0.00,,,USD,false,2025-04-01 08:08:54.609761+00,2025-04-01 08:08:54.609761+00,,,2025-04-01 08:08:54.609761+00,false,false,,false,false,,,,,,,,,,,,,,false,,,false,false,,,,false,active,
0c1d9535-6167-4461-8d31-8bfb27e3994f,44ed8cfa-0980-484e-821f-954394e32312,ins_sandbox,lp1majBQAKu6MPRJkQQQfbadjezBNDupB5GvJ,Plaid Checking,depository,checking,,110.00,100.00,,,USD,false,2025-04-01 17:53:59.455468+00,2025-04-01 18:59:19.955647+00,,,2025-04-01 17:53:59.455468+00,false,false,,false,false,,,,,,,,,,,,,,false,,,false,false,,,,true,active,65c33222-de65-4c56-ab96-c5aa9a678709
0d411094-c8f2-4424-ad02-44feebe8efa7,76fd3ee4-9717-4f92-97b1-e60ee8624231,ins_sandbox,P6JMxb1RJVI4ML6rNRkyiBNmLg6wRpio5rQqX,Plaid Mortgage,loan,mortgage,,56302.06,0.00,,,USD,false,2025-04-01 05:34:56.228493+00,2025-04-01 17:29:17.428481+00,,,2025-04-01 05:34:56.228493+00,false,false,,false,false,,,,,,,,,,,,,,false,,,false,false,,,,true,active,da49b2a8-de5c-471b-99cd-5ae6104b2c80
0dc93ad1-cb38-4d58-9e05-a7e26d6bca30,76fd3ee4-9717-4f92-97b1-e60ee8624231,,ab3993ad-1196-41f9-bd0b-6b4131b6f741,Account b6f741,depository,checking,,0.00,0.00,,,USD,false,2025-04-01 08:08:51.98073+00,2025-04-01 08:08:51.98073+00,,,2025-04-01 08:08:51.98073+00,false,false,,false,false,,,,,,,,,,,,,,false,,,false,false,,,,false,active,
0e3646ee-979b-4f2e-a89f-6f4b964adaa1,87fea98f-c633-4b41-ac83-731912da82f7,ins_sandbox,account_ed5c358b-b019-47bd-bc18-d1f7a39a425f,Investment Account,investment,brokerage,,52000.00,52000.00,3456,Brokerage Account,USD,false,2025-04-01 03:54:47.302427+00,2025-04-01 05:19:50.364575+00,,USD,2025-04-01 03:54:47.302427+00,false,false,,false,false,,,,,,,,,,,,,,false,,,false,false,,,,true,active,
0ec2ec19-7682-4d1a-8a9c-fc36c403b72c,44ed8cfa-0980-484e-821f-954394e32312,ins_sandbox,djJMqB73Z5tA4zb17dddFnrkAzg6BxcJyq53L,Plaid Mortgage,loan,mortgage,,56302.06,0.00,,,USD,false,2025-04-01 17:54:01.379419+00,2025-04-01 18:59:22.12195+00,,,2025-04-01 17:54:01.379419+00,false,false,,false,false,,,,,,,,,,,,,,false,,,false,false,,,,true,active,65c33222-de65-4c56-ab96-c5aa9a678709
0f8af060-0dc5-4e1e-859f-f54baf05dd19,76fd3ee4-9717-4f92-97b1-e60ee8624231,ins_sandbox,zdXVpybxn6C8Al5JxbXZF93PGEbPv5FlQ4PyJ,Plaid Business Credit Card,credit,credit card,,5020.00,4980.00,,,USD,false,2025-04-01 17:21:15.883168+00,2025-04-01 17:29:15.204388+00,,,2025-04-01 17:21:15.883168+00,false,false,,false,false,,,,,,,,,,,,,,false,,,false,false,,,,true,active,2bad082d-6f33-40d1-ab74-38dbe860f50f
10c729bf-fbb9-4f61-a96b-b70d1ee38fea,87fea98f-c633-4b41-ac83-731912da82f7,ins_sandbox,account_87c6009a-5b0c-4b24-982d-25a22d92dd66,Mortgage,loan,mortgage,,-235000.50,0.00,7890,30-Year Fixed Mortgage,USD,false,2025-04-01 03:56:44.858454+00,2025-04-01 05:19:50.364575+00,,USD,2025-04-01 03:56:44.858454+00,false,false,,false,true,,3.25,,,,2052-03-24,,,235000.5,2022-04-01,1250.0,,,false,,,false,false,,,,true,active,
112f4c7c-ee87-45ab-93a0-1c703413eeb7,76fd3ee4-9717-4f92-97b1-e60ee8624231,,f32ba969-d7d3-4864-8f4f-2d133f9b9e3a,Account 9b9e3a,depository,checking,,0.00,0.00,,,USD,false,2025-04-01 08:08:54.885036+00,2025-04-01 08:08:54.885036+00,,,2025-04-01 08:08:54.885036+00,false,false,,false,false,,,,,,,,,,,,,,false,,,false,false,,,,false,active,
13132989-a78c-45f9-9e34-3d031399a4af,87fea98f-c633-4b41-ac83-731912da82f7,ins_sandbox,account_ac16c205-3ec9-4005-a3f2-ce000238f5e0,Savings Account,depository,savings,,15000.00,15000.00,5678,High Yield Savings,USD,false,2025-04-01 03:54:47.109612+00,2025-04-01 05:19:50.364575+00,,USD,2025-04-01 03:54:47.109612+00,false,false,,false,false,,0.65,,,,,,,,,,,,false,,,false,false,,,,true,active,
14b9f558-97cf-4dd2-a329-8ead679b07fe,76fd3ee4-9717-4f92-97b1-e60ee8624231,ins_sandbox,7mo1xpnvokT376KNGJj4sw7b3yqpmBFdyKMD1,Plaid Cash Management,depository,cash management,,12060.00,12060.00,,,USD,false,2025-04-01 05:34:56.546885+00,2025-04-01 17:29:17.828648+00,,,2025-04-01 05:34:56.546885+00,false,false,,false,false,,,,,,,,,,,,,,false,,,false,false,,,,true,active,da49b2a8-de5c-471b-99cd-5ae6104b2c80
1844c88d-028b-48b8-8306-543b8798c81d,76fd3ee4-9717-4f92-97b1-e60ee8624231,,7b585d09-6227-49c4-a479-2276f64a80e8,Account 4a80e8,depository,checking,,0.00,0.00,,,USD,false,2025-04-01 08:08:54.017889+00,2025-04-01 08:08:54.017889+00,,,2025-04-01 08:08:54.017889+00,false,false,,false,false,,,,,,,,,,,,,,false,,,false,false,,,,false,active,
18b759ef-70ed-4e61-83fe-77bf050b756a,76fd3ee4-9717-4f92-97b1-e60ee8624231,,8dd73dc3-0da4-4b9e-9dbb-bdd4cfcc1fdb,Account cc1fdb,depository,checking,,0.00,0.00,,,USD,false,2025-04-01 08:08:55.137777+00,2025-04-01 08:08:55.137777+00,,,2025-04-01 08:08:55.137777+00,false,false,,false,false,,,,,,,,,,,,,,false,,,false,false,,,,false,active,
18ff043f-a137-4d4b-a6d1-3ecdf025a273,87fea98f-c633-4b41-ac83-731912da82f7,ins_sandbox,5v7oKPB7ZbUL8oP1bRekIqvmX5G1pRF5bkVNK,Plaid Cash Management,depository,cash management,,12060.00,12060.00,,,USD,false,2025-04-01 05:20:21.934682+00,2025-04-01 06:45:13.460322+00,,,2025-04-01 05:20:21.934682+00,false,false,,false,false,,,,,,,,,,,,,,false,,,false,false,,,,true,active,b9b33257-2316-4ced-a081-ceb6a7d6e052
19ae680f-2f5d-437e-99ca-315f0881b290,87fea98f-c633-4b41-ac83-731912da82f7,ins_sandbox,account_0db5a05a-f329-4ab3-a4ac-b661f2982d3c,Credit Card,credit,credit card,,-3250.30,6750.00,9012,Rewards Platinum Card,USD,false,2025-04-01 02:53:17.016711+00,2025-04-01 05:19:50.364575+00,,USD,2025-04-01 02:53:17.016711+00,false,false,,false,true,,18.99,,35.0,2025-04-15,,6750.0,10000.0,,,,,,false,,,false,false,,,,true,active,
19bee42e-c50c-4562-a80b-12fe3435b800,87fea98f-c633-4b41-ac83-731912da82f7,ins_sandbox,account_3c0098cc-12ed-40e4-b30b-3228af5319e2,Investment Account,investment,brokerage,,52000.00,52000.00,3456,Brokerage Account,USD,false,2025-04-01 03:50:23.280876+00,2025-04-01 05:19:50.364575+00,,USD,2025-04-01 03:50:23.280876+00,false,false,,false,false,,,,,,,,,,,,,,false,,,false,false,,,,true,active,
1f5058f1-8f57-4fbb-80ce-53dd3fd10776,87fea98f-c633-4b41-ac83-731912da82f7,ins_sandbox,mQJ51dGJpDhzrmk5MEdbs6X5yqoeg9cg9Bj16,Plaid Checking,depository,checking,,110.00,100.00,,,USD,false,2025-04-01 05:20:20.111837+00,2025-04-01 06:45:11.199281+00,,,2025-04-01 05:20:20.111837+00,false,false,,false,false,,,,,,,,,,,,,,false,,,false,false,,,,true,active,b9b33257-2316-4ced-a081-ceb6a7d6e052
21818f45-d5e7-41ae-863a-8d0beef32a91,76fd3ee4-9717-4f92-97b1-e60ee8624231,ins_sandbox,xyv3Gr8LvMTrLBbQ3DKZf7XBGqojJ6i6PRJrX,Plaid Credit Card,credit,credit card,,410.00,0.00,,,USD,false,2025-04-01 05:34:55.42054+00,2025-04-01 17:29:16.406852+00,,,2025-04-01 05:34:55.42054+00,false,false,,false,false,,,,,,,,,,,,,,false,,,false,false,,,,true,active,da49b2a8-de5c-471b-99cd-5ae6104b2c80
21ffb7a5-af6f-44a9-b552-8bf897475ebf,76fd3ee4-9717-4f92-97b1-e60ee8624231,,a5fa28fc-f6f6-47ff-860b-ca07e2bb8509,Account bb8509,depository,checking,,0.00,0.00,,,USD,false,2025-04-01 08:08:55.307561+00,2025-04-01 08:08:55.307561+00,,,2025-04-01 08:08:55.307561+00,false,false,,false,false,,,,,,,,,,,,,,false,,,false,false,,,,false,active,
23c1c08a-0113-4df5-8a38-3718efd9cb5c,87fea98f-c633-4b41-ac83-731912da82f7,ins_sandbox,account_401bd03c-a12c-4b43-bc0f-9005c3b3e99a,Checking Account,depository,checking,,2500.75,2300.50,1234,Primary Checking Account,USD,false,2025-04-01 03:54:47.037026+00,2025-04-01 05:19:50.364575+00,,USD,2025-04-01 03:54:47.037026+00,false,false,,false,false,,,,,,,,,,,,,,false,,,false,false,,,,true,active,
25a86b5f-3719-4c68-a363-2f3be0101380,76fd3ee4-9717-4f92-97b1-e60ee8624231,,0118e67e-82da-4fc2-88bf-412fe61d1e8f,Account 1d1e8f,depository,checking,,0.00,0.00,,,USD,false,2025-04-01 08:08:56.328497+00,2025-04-01 08:08:56.328497+00,,,2025-04-01 08:08:56.328497+00,false,false,,false,false,,,,,,,,,,,,,,false,,,false,false,,,,false,active,
27cf433a-05d2-478d-86a0-754e65a60a57,87fea98f-c633-4b41-ac83-731912da82f7,ins_sandbox,account_19de09ae-38fc-4ec0-bfc1-910e61b3e673,Savings Account,depository,savings,,15000.00,15000.00,5678,High Yield Savings,USD,false,2025-04-01 03:56:44.648896+00,2025-04-01 05:19:50.364575+00,,USD,2025-04-01 03:56:44.648896+00,false,false,,false,false,,0.65,,,,,,,,,,,,false,,,false,false,,,,true,active,
29491bba-71ab-41e7-a21a-f82d85ac65c3,76fd3ee4-9717-4f92-97b1-e60ee8624231,ins_sandbox,KjD6v8m9pLtadwoNyj1MC6waZbBaR8iR14w9r,Plaid HSA,depository,hsa,,6009.00,6009.00,,,USD,false,2025-04-01 17:21:15.581272+00,2025-04-01 17:29:14.798917+00,,,2025-04-01 17:21:15.581272+00,false,false,,true,false,,,,,,,,,,,,,,true,,,false,false,,,,true,active,2bad082d-6f33-40d1-ab74-38dbe860f50f
2d56e9f1-d09c-43df-8123-3af0e5110ea8,76fd3ee4-9717-4f92-97b1-e60ee8624231,,b18b2cd2-8c45-45ee-804f-2e60e705bdab,Account 05bdab,depository,checking,,0.00,0.00,,,USD,false,2025-04-01 08:08:57.483448+00,2025-04-01 08:08:57.483448+00,,,2025-04-01 08:08:57.483448+00,false,false,,false,false,,,,,,,,,,,,,,false,,,false,false,,,,false,active,
2f82d150-42b5-46bd-8e19-a4e53c00c714,76fd3ee4-9717-4f92-97b1-e60ee8624231,,6523ef0a-c2d5-4fb1-a992-cc20cd4af404,Account 4af404,depository,checking,,0.00,0.00,,,USD,false,2025-04-01 08:08:53.898661+00,2025-04-01 08:08:53.898661+00,,,2025-04-01 08:08:53.898661+00,false,false,,false,false,,,,,,,,,,,,,,false,,,false,false,,,,false,active,
2fde9e64-658b-4a4c-8b4d-454c62a7eb2b,76fd3ee4-9717-4f92-97b1-e60ee8624231,ins_sandbox,JPD6vgmR1ytdwbAN9PMZh5bZ4o1ZvjiBkV7yZ,Plaid IRA,investment,ira,,320.76,0.00,,,USD,false,2025-04-01 17:21:14.873556+00,2025-04-01 17:29:13.990421+00,,,2025-04-01 17:21:14.873556+00,false,false,,true,false,,,,,,,,,,,,,,true,,,false,false,,,,true,active,2bad082d-6f33-40d1-ab74-38dbe860f50f
33a30da2-4d6e-458b-8a23-121481939329,87fea98f-c633-4b41-ac83-731912da82f7,ins_sandbox,account_75e08bc1-205c-418b-b66b-0e162831bdce,401(k),investment,401k,,98750.25,0.00,1357,Employer 401(k) Plan,USD,false,2025-04-01 03:54:47.450441+00,2025-04-01 05:19:50.364575+00,,USD,2025-04-01 03:54:47.450441+00,false,false,,false,false,,,,,,,,,,,,,,false,,,false,false,,,,true,active,
33fb8ae3-def6-4265-ba55-77e67c83e98f,44ed8cfa-0980-484e-821f-954394e32312,ins_sandbox,4BVnXDykZoCV1R74ykkkS1k4rVM8XaSJpKNxD,Plaid Cash Management,depository,cash management,,12060.00,12060.00,,,USD,false,2025-04-01 17:54:01.744656+00,2025-04-01 18:59:22.582629+00,,,2025-04-01 17:54:01.744656+00,false,false,,false,false,,,,,,,,,,,,,,false,,,false,false,,,,true,active,65c33222-de65-4c56-ab96-c5aa9a678709
3672fcbc-772e-41e5-8542-498bcded73ab,87fea98f-c633-4b41-ac83-731912da82f7,ins_sandbox,Xyo8XveolGcBLeMK4bNms6bNdjZz7Bcb9ogeL,Plaid 401k,investment,401k,,23631.98,0.00,,,USD,false,2025-04-01 05:20:21.340154+00,2025-04-01 06:45:23.093293+00,,,2025-04-01 06:45:23.539421+00,false,false,,true,false,,,,,,,,,,,,25125.633179999997,,true,,,false,false,,,,true,active,b9b33257-2316-4ced-a081-ceb6a7d6e052
37047e96-a302-4c70-bb2b-571a1ec8deaf,76fd3ee4-9717-4f92-97b1-e60ee8624231,,a0857d01-13dc-420a-8425-db17c6d15cbf,Account d15cbf,depository,checking,,0.00,0.00,,,USD,false,2025-04-01 08:08:56.077826+00,2025-04-01 08:08:56.077826+00,,,2025-04-01 08:08:56.077826+00,false,false,,false,false,,,,,,,,,,,,,,false,,,false,false,,,,false,active,
375db34f-827f-46b3-a6b8-a558cfb7b498,76fd3ee4-9717-4f92-97b1-e60ee8624231,,55d7cdda-9a88-4e0e-96da-6dac9b169391,Account 169391,depository,checking,,0.00,0.00,,,USD,false,2025-04-01 08:08:55.432708+00,2025-04-01 08:08:55.432708+00,,,2025-04-01 08:08:55.432708+00,false,false,,false,false,,,,,,,,,,,,,,false,,,false,false,,,,false,active,
388326dc-5059-4cba-aea9-dacdd18b0f68,87fea98f-c633-4b41-ac83-731912da82f7,ins_sandbox,account_e205d961-39db-41ca-9966-08f958624636,Credit Card,credit,credit card,,-3250.30,6750.00,9012,Rewards Platinum Card,USD,false,2025-04-01 03:48:31.401398+00,2025-04-01 05:19:50.364575+00,,USD,2025-04-01 03:48:31.401398+00,false,false,,false,true,,18.99,,35.0,2025-04-15,,6750.0,10000.0,,,,,,false,,,false,false,,,,true,active,
38fe61d3-2ab3-41dd-85b4-8901bb88403f,44ed8cfa-0980-484e-821f-954394e32312,ins_sandbox,B15LaAyKk6So9P1prJJJFKAj3oa4gxc4v16GJ,Plaid IRA,investment,ira,,320.76,0.00,,,USD,false,2025-04-01 17:54:00.705787+00,2025-04-01 18:59:28.527462+00,,,2025-04-01 18:59:27.641016+00,false,false,,true,false,,,,,,,,,,,,320.76,,true,,,false,false,,,,true,active,65c33222-de65-4c56-ab96-c5aa9a678709
3b02ca0f-2766-4612-81ec-f85b764b1f54,76fd3ee4-9717-4f92-97b1-e60ee8624231,ins_sandbox,wBmwMno9g6fpz3kM5oQ7sprD57lDwbFPmBepq,Plaid Credit Card,credit,credit card,,410.00,0.00,,,USD,false,2025-04-01 17:21:14.543466+00,2025-04-01 17:29:13.575955+00,,,2025-04-01 17:21:14.543466+00,false,false,,false,false,,,,,,,,,,,,,,false,,,false,false,,,,true,active,2bad082d-6f33-40d1-ab74-38dbe860f50f
3f26c042-620e-4788-8506-7fd460d409f9,76fd3ee4-9717-4f92-97b1-e60ee8624231,,8a0c8235-a54f-4164-9571-31ae3b49ff50,Account 49ff50,depository,checking,,0.00,0.00,,,USD,false,2025-04-01 08:08:54.28927+00,2025-04-01 08:08:54.28927+00,,,2025-04-01 08:08:54.28927+00,false,false,,false,false,,,,,,,,,,,,,,false,,,false,false,,,,false,active,
3f2adc81-3321-4f6b-bbcb-0f212b3e5deb,76fd3ee4-9717-4f92-97b1-e60ee8624231,ins_sandbox,jNvM9b43vzhEDRQ3VWlvTMwgJDabZAu6m8ZnZ,Plaid HSA,depository,hsa,,6009.00,6009.00,,,USD,false,2025-04-01 05:34:56.35313+00,2025-04-01 17:29:17.626881+00,,,2025-04-01 05:34:56.35313+00,false,false,,true,false,,,,,,,,,,,,,,true,,,false,false,,,,true,active,da49b2a8-de5c-471b-99cd-5ae6104b2c80
3fc1f795-8c9e-4ce6-82e3-ecb439cd27aa,76fd3ee4-9717-4f92-97b1-e60ee8624231,ins_sandbox,e31QLDqGEVHjdBXr6bnesrw4yd8R3mCr3NXJJ,Plaid Checking,depository,checking,,110.00,100.00,,,USD,false,2025-04-01 17:29:18.647643+00,2025-04-01 17:29:18.647643+00,,,2025-04-01 17:29:18.647643+00,false,false,,false,false,,,,,,,,,,,,,,false,,,false,false,,,,true,active,d39379fb-6687-453d-895e-4778945b313c
41e5f9b9-6683-4c42-a2cd-4a66524a770b,76fd3ee4-9717-4f92-97b1-e60ee8624231,ins_sandbox,6ZKwBmzGo5TMDlQ3RdpPUW3vGg1pNAC8Myqyw,Plaid Business Credit Card,credit,credit card,,5020.00,4980.00,,,USD,false,2025-04-01 07:53:41.532761+00,2025-04-01 17:29:12.349161+00,,,2025-04-01 07:53:41.532761+00,false,false,,false,false,,,,,,,,,,,,,,false,,,false,false,,,,true,active,2702a186-7c9c-4085-b192-d5fefb4da770
43140d39-71a0-458d-918e-78bbd746bb3d,76fd3ee4-9717-4f92-97b1-e60ee8624231,,56922274-6c1a-4e92-a971-46c62bda971e,Account da971e,depository,checking,,0.00,0.00,,,USD,false,2025-04-01 08:08:52.749791+00,2025-04-01 08:08:52.749791+00,,,2025-04-01 08:08:52.749791+00,false,false,,false,false,,,,,,,,,,,,,,false,,,false,false,,,,false,active,
43d1bfae-e0f4-48a0-822e-ee4622593445,76fd3ee4-9717-4f92-97b1-e60ee8624231,ins_sandbox,mzEe9Lqjr7T1lZkq4yrDIN4MXordQ5FgwWlW3,Plaid 401k,investment,401k,,23631.98,0.00,,,USD,false,2025-04-01 07:53:40.948875+00,2025-04-01 17:29:11.296119+00,,,2025-04-01 17:27:53.34589+00,false,false,,true,false,,,,,,,,,,,,25125.633179999997,,true,,,false,false,,,,true,active,2702a186-7c9c-4085-b192-d5fefb4da770
47f1a325-b843-467e-8e66-adf659a95a21,87fea98f-c633-4b41-ac83-731912da82f7,ins_sandbox,account_0c555df3-58ea-44bc-b1d4-20d71389b527,Investment Account,investment,brokerage,,52000.00,52000.00,3456,Brokerage Account,USD,false,2025-04-01 02:53:17.094106+00,2025-04-01 05:19:50.364575+00,,USD,2025-04-01 02:53:17.094106+00,false,false,,false,false,,,,,,,,,,,,,,false,,,false,false,,,,true,active,
49ac3150-27c0-4f9c-9583-4f57f0d35482,76fd3ee4-9717-4f92-97b1-e60ee8624231,ins_sandbox,pZ9pvmJywVHz3KvG19b7TywlPx3JZ6TpQ4qb7,Plaid 401k,investment,401k,,23631.98,0.00,,,USD,false,2025-04-01 17:29:19.518776+00,2025-04-01 17:29:25.608717+00,,,2025-04-01 17:29:24.686039+00,false,false,,true,false,,,,,,,,,,,,25125.633179999997,,true,,,false,false,,,,true,active,d39379fb-6687-453d-895e-4778945b313c
50955dfa-07f4-4561-905f-e38290db0a50,76fd3ee4-9717-4f92-97b1-e60ee8624231,ins_sandbox,nkWXJpK7BeFLqXzKQd56HE4K365arBUApnXnD,Plaid Money Market,depository,money market,,43200.00,43200.00,,,USD,false,2025-04-01 07:53:40.679699+00,2025-04-01 17:29:10.830081+00,,,2025-04-01 07:53:40.679699+00,false,false,,false,false,,,,,,,,,,,,,,false,,,false,false,,,,true,active,2702a186-7c9c-4085-b192-d5fefb4da770
53dcbb3b-038b-467d-a4cc-3c9f082709cc,87fea98f-c633-4b41-ac83-731912da82f7,ins_sandbox,account_aa40baa5-8d20-492b-a0f3-d515da62f1ea,Checking Account,depository,checking,,2500.75,2300.50,1234,Primary Checking Account,USD,false,2025-04-01 03:50:23.0839+00,2025-04-01 05:19:50.364575+00,,USD,2025-04-01 03:50:23.0839+00,false,false,,false,false,,,,,,,,,,,,,,false,,,false,false,,,,true,active,
55d7cdda-9a88-4e0e-96da-6dac9b169391,87fea98f-c633-4b41-ac83-731912da82f7,ins_sandbox,account_2df9b4ea-ce8b-43ef-a14c-a267e9350d5e,Mortgage,loan,mortgage,,-235000.50,0.00,7890,30-Year Fixed Mortgage,USD,false,2025-04-01 02:53:17.253655+00,2025-04-01 05:19:50.364575+00,,USD,2025-04-01 02:53:17.253655+00,false,false,,false,true,,3.25,,,,2052-03-24,,,235000.5,2022-04-01,1250.0,,,false,,,false,false,,,,true,active,
5658d42a-ff9c-4973-a02a-50e60e926b9c,87fea98f-c633-4b41-ac83-731912da82f7,ins_sandbox,account_2ba082d9-8c4f-4ec3-a506-1956a29dd625,401(k),investment,401k,,98750.25,0.00,1357,Employer 401(k) Plan,USD,false,2025-04-01 03:56:44.923946+00,2025-04-01 05:19:50.364575+00,,USD,2025-04-01 03:56:44.923946+00,false,false,,false,false,,,,,,,,,,,,,,false,,,false,false,,,,true,active,
56922274-6c1a-4e92-a971-46c62bda971e,87fea98f-c633-4b41-ac83-731912da82f7,ins_sandbox,9qk83Qakp7clz6oEyNVqfAewo1n6MlC4kd8Zw,Plaid CD,depository,cd,,1000.00,0.00,,,USD,false,2025-04-01 05:20:20.605664+00,2025-04-01 06:45:11.61702+00,,,2025-04-01 05:20:20.605664+00,false,false,,false,false,,,,,,,,,,,,,,false,,,false,false,,,,true,active,b9b33257-2316-4ced-a081-ceb6a7d6e052
57916418-1a4d-4bd0-a050-8c4eea90446e,76fd3ee4-9717-4f92-97b1-e60ee8624231,ins_sandbox,Z6eDaAxZ7VTKAdgzrJE8tdjB4REeLaue15vPW,Plaid CD,depository,cd,,1000.00,0.00,,,USD,false,2025-04-01 17:29:18.955666+00,2025-04-01 17:29:18.955666+00,,,2025-04-01 17:29:18.955666+00,false,false,,false,false,,,,,,,,,,,,,,false,,,false,false,,,,true,active,d39379fb-6687-453d-895e-4778945b313c
59bd896b-7dad-4f09-af77-a7732c4e93d4,44ed8cfa-0980-484e-821f-954394e32312,ins_sandbox,Nmn8p6ajP5SQ9DVX8MMMtKoGNVyLX9cy8zBDM,Plaid Business Credit Card,credit,credit card,,5020.00,4980.00,,,USD,false,2025-04-01 17:54:01.920201+00,2025-04-01 18:59:22.793296+00,,,2025-04-01 17:54:01.920201+00,false,false,,false,false,,,,,,,,,,,,,,false,,,false,false,,,,true,active,65c33222-de65-4c56-ab96-c5aa9a678709
5e61af30-4998-46b8-b46c-642a283a0dc4,87fea98f-c633-4b41-ac83-731912da82f7,ins_sandbox,account_8363880d-344b-40a0-957c-0a5e41eaaa08,Checking Account,depository,checking,,2500.75,2300.50,1234,Primary Checking Account,USD,false,2025-04-01 03:48:31.240507+00,2025-04-01 05:19:50.364575+00,,USD,2025-04-01 03:48:31.240507+00,false,false,,false,false,,,,,,,,,,,,,,false,,,false,false,,,,true,active,
5eded6f8-e5f5-4a0e-9189-076ec0a1c0ad,76fd3ee4-9717-4f92-97b1-e60ee8624231,,fdb710db-f73e-447b-92ff-6eb07b35445b,Account 35445b,depository,checking,,0.00,0.00,,,USD,false,2025-04-01 08:08:53.104662+00,2025-04-01 08:08:53.104662+00,,,2025-04-01 08:08:53.104662+00,false,false,,false,false,,,,,,,,,,,,,,false,,,false,false,,,,false,active,
5efebcb6-5630-4d79-bfa7-ce0eb73ec63e,87fea98f-c633-4b41-ac83-731912da82f7,ins_sandbox,VbpWRvjp8LHXMJDNdyGnUXPb3dleyBc9oGkKQ,Plaid Mortgage,loan,mortgage,,56302.06,0.00,,,USD,false,2025-04-01 05:20:21.669404+00,2025-04-01 06:45:13.024255+00,,,2025-04-01 05:20:21.669404+00,false,false,,false,false,,,,,,,,,,,,,,false,,,false,false,,,,true,active,b9b33257-2316-4ced-a081-ceb6a7d6e052
603bb1da-77e1-459d-89d8-bc55784338dd,76fd3ee4-9717-4f92-97b1-e60ee8624231,,3672fcbc-772e-41e5-8542-498bcded73ab,Account ed73ab,depository,checking,,0.00,0.00,,,USD,false,2025-04-01 08:08:55.693327+00,2025-04-01 08:08:55.693327+00,,,2025-04-01 08:08:55.693327+00,false,false,,false,false,,,,,,,,,,,,,,false,,,false,false,,,,false,active,
6127d01a-9547-4985-8b1c-3ef5cb246755,76fd3ee4-9717-4f92-97b1-e60ee8624231,ins_sandbox,EbvEJWzpe4U5NDvbEZJluaz13yMoBrF45wM6o,Plaid Cash Management,depository,cash management,,12060.00,12060.00,,,USD,false,2025-04-01 17:29:20.065216+00,2025-04-01 17:29:20.065216+00,,,2025-04-01 17:29:20.065216+00,false,false,,false,false,,,,,,,,,,,,,,false,,,false,false,,,,true,active,d39379fb-6687-453d-895e-4778945b313c
63453cce-db2b-4c36-a0dd-90be9b4cc57f,76fd3ee4-9717-4f92-97b1-e60ee8624231,ins_sandbox,e3LjGvB4LnSed7Nb1EgVUGKnVZJa75UrBl7AE,Plaid Business Credit Card,credit,credit card,,5020.00,4980.00,,,USD,false,2025-04-01 05:34:56.670669+00,2025-04-01 17:29:18.019254+00,,,2025-04-01 05:34:56.670669+00,false,false,,false,false,,,,,,,,,,,,,,false,,,false,false,,,,true,active,da49b2a8-de5c-471b-99cd-5ae6104b2c80
6523ef0a-c2d5-4fb1-a992-cc20cd4af404,87fea98f-c633-4b41-ac83-731912da82f7,ins_sandbox,account_7e4653d9-04e2-411b-bac5-825f461d96f8,Checking Account,depository,checking,,2500.75,2300.50,1234,Primary Checking Account,USD,false,2025-04-01 02:53:16.864125+00,2025-04-01 05:19:50.364575+00,,USD,2025-04-01 02:53:16.864125+00,false,false,,false,false,,,,,,,,,,,,,,false,,,false,false,,,,true,active,
6537ddcc-cfff-41d0-b231-fc70aec3331d,87fea98f-c633-4b41-ac83-731912da82f7,ins_sandbox,account_f3db9939-aabc-4a12-8077-16ae392f5c53,401(k),investment,401k,,98750.25,0.00,1357,Employer 401(k) Plan,USD,false,2025-04-01 02:53:17.39471+00,2025-04-01 05:19:50.364575+00,,USD,2025-04-01 02:53:17.39471+00,false,false,,false,false,,,,,,,,,,,,,,false,,,false,false,,,,true,active,
65b56cdf-673e-4277-864d-4ea78bd0354a,76fd3ee4-9717-4f92-97b1-e60ee8624231,ins_sandbox,M6oGJV1zqMT5NAK7djkEuyW1Pw5XxzTLRB5NG,Plaid Credit Card,credit,credit card,,410.00,0.00,,,USD,false,2025-04-01 17:29:19.100857+00,2025-04-01 17:29:19.100857+00,,,2025-04-01 17:29:19.100857+00,false,false,,false,false,,,,,,,,,,,,,,false,,,false,false,,,,true,active,d39379fb-6687-453d-895e-4778945b313c
66b6b45e-51a9-4a36-b0c0-7124789384a1,76fd3ee4-9717-4f92-97b1-e60ee8624231,ins_sandbox,L6oyJwRrlZT5MkAyaRZJuaoGwkm681FkWbmqv,Plaid IRA,investment,ira,,320.76,0.00,,,USD,false,2025-04-01 17:29:19.398016+00,2025-04-01 17:29:25.528239+00,,,2025-04-01 17:29:24.613281+00,false,false,,true,false,,,,,,,,,,,,320.76,,true,,,false,false,,,,true,active,d39379fb-6687-453d-895e-4778945b313c
6830fa6f-22e9-431e-99bd-2ec376f8bb1a,76fd3ee4-9717-4f92-97b1-e60ee8624231,,5efebcb6-5630-4d79-bfa7-ce0eb73ec63e,Account 3ec63e,depository,checking,,0.00,0.00,,,USD,false,2025-04-01 08:08:57.756021+00,2025-04-01 08:08:57.756021+00,,,2025-04-01 08:08:57.756021+00,false,false,,false,false,,,,,,,,,,,,,,false,,,false,false,,,,false,active,
690bb7a9-0448-4bb9-863c-082227697c47,87fea98f-c633-4b41-ac83-731912da82f7,ins_sandbox,account_59b7a2da-3f99-452d-b881-862863159bce,401(k),investment,401k,,98750.25,0.00,1357,Employer 401(k) Plan,USD,false,2025-04-01 03:48:31.758266+00,2025-04-01 05:19:50.364575+00,,USD,2025-04-01 03:48:31.758266+00,false,false,,false,false,,,,,,,,,,,,,,false,,,false,false,,,,true,active,
6da5737d-d257-40d7-be96-c3356e83ab9b,76fd3ee4-9717-4f92-97b1-e60ee8624231,ins_sandbox,WVzg3Ao7NGT5Ao7BneJguKq7xBQ8A3t6Qr5Bn,Plaid Business Credit Card,credit,credit card,,5020.00,4980.00,,,USD,false,2025-04-01 17:29:20.190031+00,2025-04-01 17:29:20.190031+00,,,2025-04-01 17:29:20.190031+00,false,false,,false,false,,,,,,,,,,,,,,false,,,false,false,,,,true,active,d39379fb-6687-453d-895e-4778945b313c
7054e8e3-18d7-4912-81e3-54dd4abf7c57,76fd3ee4-9717-4f92-97b1-e60ee8624231,ins_sandbox,lLnjxMN5qRf4nrVbKE9vU4Kw36nwQ5cpRD9qM,Plaid Student Loan,loan,student,,65262.00,0.00,,,USD,false,2025-04-01 17:21:15.201447+00,2025-04-01 17:29:14.398985+00,,,2025-04-01 17:21:15.201447+00,false,false,,false,false,,,,,,,,,,,,,,false,,,false,false,,,,true,active,2bad082d-6f33-40d1-ab74-38dbe860f50f
71d3b114-6651-48f1-a626-8105e36f0beb,76fd3ee4-9717-4f92-97b1-e60ee8624231,ins_sandbox,qEyMPgQpN6seGp7PxwNdfEwVKdxV8zTgR4bjx,Plaid Mortgage,loan,mortgage,,56302.06,0.00,,,USD,false,2025-04-01 17:21:15.374561+00,2025-04-01 17:29:14.597334+00,,,2025-04-01 17:21:15.374561+00,false,false,,false,false,,,,,,,,,,,,,,false,,,false,false,,,,true,active,2bad082d-6f33-40d1-ab74-38dbe860f50f
71d5a8db-abb2-4ed2-b88b-abe9fb931e94,76fd3ee4-9717-4f92-97b1-e60ee8624231,ins_sandbox,yQBab3jEAytbm73jDQ8Xtd8be74y9QC4LlZlL,Plaid Student Loan,loan,student,,65262.00,0.00,,,USD,false,2025-04-01 07:53:41.070732+00,2025-04-01 17:29:11.50717+00,,,2025-04-01 07:53:41.070732+00,false,false,,false,false,,,,,,,,,,,,,,false,,,false,false,,,,true,active,2702a186-7c9c-4085-b192-d5fefb4da770
7379a6fa-fdbb-4778-9bb2-fff541bcac6f,76fd3ee4-9717-4f92-97b1-e60ee8624231,ins_sandbox,8AqVgPxdKGudGKEvBQZpCbo97d3zJAuWJARgd,Plaid HSA,depository,hsa,,6009.00,6009.00,,,USD,false,2025-04-01 17:29:19.930407+00,2025-04-01 17:29:19.930407+00,,,2025-04-01 17:29:19.930407+00,false,false,,true,false,,,,,,,,,,,,,,true,,,false,false,,,,true,active,d39379fb-6687-453d-895e-4778945b313c
7379afc2-c22c-4cd3-986b-f801a4b4622d,76fd3ee4-9717-4f92-97b1-e60ee8624231,,19bee42e-c50c-4562-a80b-12fe3435b800,Account 35b800,depository,checking,,0.00,0.00,,,USD,false,2025-04-01 08:08:55.012414+00,2025-04-01 08:08:55.012414+00,,,2025-04-01 08:08:55.012414+00,false,false,,false,false,,,,,,,,,,,,,,false,,,false,false,,,,false,active,
7619ebbe-2127-4708-92c4-df54ce90e0f6,76fd3ee4-9717-4f92-97b1-e60ee8624231,ins_sandbox,rln1k8Zyj6cQ5J6PdE7aiQNPR8oP4eu713KAB,Plaid Cash Management,depository,cash management,,12060.00,12060.00,,,USD,false,2025-04-01 17:21:15.737367+00,2025-04-01 17:29:15.004287+00,,,2025-04-01 17:21:15.737367+00,false,false,,false,false,,,,,,,,,,,,,,false,,,false,false,,,,true,active,2bad082d-6f33-40d1-ab74-38dbe860f50f
77ce3809-f678-49e0-bd5e-9ff18b62fbbb,44ed8cfa-0980-484e-821f-954394e32312,ins_sandbox,rA57e1NWwdfk8zXrA444F6yMnAWlX9c7bXqvm,Plaid Credit Card,credit,credit card,,410.00,0.00,,,USD,false,2025-04-01 17:54:00.098897+00,2025-04-01 18:59:20.65049+00,,,2025-04-01 17:54:00.098897+00,false,false,,false,false,,,,,,,,,,,,,,false,,,false,false,,,,true,active,65c33222-de65-4c56-ab96-c5aa9a678709
7a2a363a-a3c3-47ca-ac99-c2807535333f,87fea98f-c633-4b41-ac83-731912da82f7,ins_sandbox,account_8d7d244d-d41a-49e6-bd61-676efbc2942a,Credit Card,credit,credit card,,-3250.30,6750.00,9012,Rewards Platinum Card,USD,false,2025-04-01 03:50:23.217776+00,2025-04-01 05:19:50.364575+00,,USD,2025-04-01 03:50:23.217776+00,false,false,,false,true,,18.99,,35.0,2025-04-15,,6750.0,10000.0,,,,,,false,,,false,false,,,,true,active,
7a7fbb45-2a3b-46f6-9fdc-0f07fc238488,76fd3ee4-9717-4f92-97b1-e60ee8624231,ins_sandbox,3oMerKEVM5ig465ZyVM3UlnxDgpKzVcZbeM4L,Plaid CD,depository,cd,,1000.00,0.00,,,USD,false,2025-04-01 05:34:55.221961+00,2025-04-01 17:29:16.207068+00,,,2025-04-01 05:34:55.221961+00,false,false,,false,false,,,,,,,,,,,,,,false,,,false,false,,,,true,active,da49b2a8-de5c-471b-99cd-5ae6104b2c80
7b585d09-6227-49c4-a479-2276f64a80e8,87fea98f-c633-4b41-ac83-731912da82f7,ins_sandbox,account_98acc76e-0ae1-408e-a161-d0522af203ab,Mortgage,loan,mortgage,,-235000.50,0.00,7890,30-Year Fixed Mortgage,USD,false,2025-04-01 03:48:31.68096+00,2025-04-01 05:19:50.364575+00,,USD,2025-04-01 03:48:31.68096+00,false,false,,false,true,,3.25,,,,2052-03-24,,,235000.5,2022-04-01,1250.0,,,false,,,false,false,,,,true,active,
7b59bce2-1b72-4621-ad2e-3258c1dab306,76fd3ee4-9717-4f92-97b1-e60ee8624231,ins_sandbox,RNbe1VrpR6hnqpA5eR76UNMnxRKXBWFarBLBe,Plaid Cash Management,depository,cash management,,12060.00,12060.00,,,USD,false,2025-04-01 07:53:41.418202+00,2025-04-01 17:29:12.170478+00,,,2025-04-01 07:53:41.418202+00,false,false,,false,false,,,,,,,,,,,,,,false,,,false,false,,,,true,active,2702a186-7c9c-4085-b192-d5fefb4da770
7cb30b7d-2d4f-44b2-b5b2-5d19a2264522,44ed8cfa-0980-484e-821f-954394e32312,ins_sandbox,3zvn6okXJpCg5knL6PPPtMAaxDnokBUZgLKaK,Plaid 401k,investment,401k,,23631.98,0.00,,,USD,false,2025-04-01 17:54:00.869219+00,2025-04-01 18:59:28.631226+00,,,2025-04-01 18:59:27.736585+00,false,false,,true,false,,,,,,,,,,,,25125.633179999997,,true,,,false,false,,,,true,active,65c33222-de65-4c56-ab96-c5aa9a678709
7e3cb998-aa18-46bd-9e2d-d3de7a35fbc7,87fea98f-c633-4b41-ac83-731912da82f7,ins_sandbox,6RXgrj3XM6U5pVQykBL8SbGAjMgPr8u8mvJd3,Plaid IRA,investment,ira,,320.76,0.00,,,USD,false,2025-04-01 05:20:21.125925+00,2025-04-01 06:45:17.765633+00,,,2025-04-01 06:45:18.210292+00,false,false,,true,false,,,,,,,,,,,,320.76,,true,,,false,false,,,,true,active,b9b33257-2316-4ced-a081-ceb6a7d6e052
7e954f5a-e485-4902-8908-64935bb23e50,44ed8cfa-0980-484e-821f-954394e32312,ins_sandbox,qWjJ7M41AxsBgrjK3888IAXMZQvj5GTgl5AqL,Plaid Saving,depository,savings,,210.00,200.00,,,USD,false,2025-04-01 17:53:59.607447+00,2025-04-01 18:59:20.188117+00,,,2025-04-01 17:53:59.607447+00,false,false,,false,false,,,,,,,,,,,,,,false,,,false,false,,,,true,active,65c33222-de65-4c56-ab96-c5aa9a678709
82d9f51e-0df5-4576-9f50-ac654a84b2f3,87fea98f-c633-4b41-ac83-731912da82f7,ins_sandbox,account_639bb040-8bf8-45f8-96c7-86e4db3113ff,Credit Card,credit,credit card,,-3250.30,6750.00,9012,Rewards Platinum Card,USD,false,2025-04-01 03:54:47.183945+00,2025-04-01 05:19:50.364575+00,,USD,2025-04-01 03:54:47.183945+00,false,false,,false,true,,18.99,,35.0,2025-04-15,,6750.0,10000.0,,,,,,false,,,false,false,,,,true,active,
848f8801-160e-45bc-a7d9-03535cb32667,44ed8cfa-0980-484e-821f-954394e32312,ins_sandbox,zR5lgVowzQfaBPgNmvvvFkzmxMZ8KdtldKJG6,Plaid Money Market,depository,money market,,43200.00,43200.00,,,USD,false,2025-04-01 17:54:00.456468+00,2025-04-01 18:59:21.035228+00,,,2025-04-01 17:54:00.456468+00,false,false,,false,false,,,,,,,,,,,,,,false,,,false,false,,,,true,active,65c33222-de65-4c56-ab96-c5aa9a678709
87c13c5e-5c63-45d6-a790-546df989c3e3,76fd3ee4-9717-4f92-97b1-e60ee8624231,,53dcbb3b-038b-467d-a4cc-3c9f082709cc,Account 2709cc,depository,checking,,0.00,0.00,,,USD,false,2025-04-01 08:08:54.153348+00,2025-04-01 08:08:54.153348+00,,,2025-04-01 08:08:54.153348+00,false,false,,false,false,,,,,,,,,,,,,,false,,,false,false,,,,false,active,
8a0c8235-a54f-4164-9571-31ae3b49ff50,87fea98f-c633-4b41-ac83-731912da82f7,ins_sandbox,RWB8mvaBLMFJ7WAGzQ3ri5xWVaRDLJCawejnb,Plaid Money Market,depository,money market,,43200.00,43200.00,,,USD,false,2025-04-01 05:20:20.996209+00,2025-04-01 06:45:12.096844+00,,,2025-04-01 05:20:20.996209+00,false,false,,false,false,,,,,,,,,,,,,,false,,,false,false,,,,true,active,b9b33257-2316-4ced-a081-ceb6a7d6e052
8b14e5c8-ec20-4893-bb32-1a62700a7214,76fd3ee4-9717-4f92-97b1-e60ee8624231,ins_sandbox,Gl1Gk3p4jASnEzQ58JrxUPx5JAENLVt6rQLQZ,Plaid Credit Card,credit,credit card,,410.00,0.00,,,USD,false,2025-04-01 07:53:40.563874+00,2025-04-01 17:29:10.62143+00,,,2025-04-01 07:53:40.563874+00,false,false,,false,false,,,,,,,,,,,,,,false,,,false,false,,,,true,active,2702a186-7c9c-4085-b192-d5fefb4da770
8b3d8537-b16c-4deb-b010-783e7ff6978e,76fd3ee4-9717-4f92-97b1-e60ee8624231,ins_sandbox,V8D6vR9GlzCLBZkpDAnXCKZGmodGDki9E37Vq,Plaid CD,depository,cd,,1000.00,0.00,,,USD,false,2025-04-01 17:21:14.391968+00,2025-04-01 17:29:13.378707+00,,,2025-04-01 17:21:14.391968+00,false,false,,false,false,,,,,,,,,,,,,,false,,,false,false,,,,true,active,2bad082d-6f33-40d1-ab74-38dbe860f50f
8d9ade5b-29f6-4287-957e-2618f70471aa,76fd3ee4-9717-4f92-97b1-e60ee8624231,ins_sandbox,D3D6AZvjxEID1AMvKWPNFLAWwzxW5eu3JKyo3,Plaid Saving,depository,savings,,210.00,200.00,,,USD,false,2025-04-01 17:21:14.237591+00,2025-04-01 17:29:13.176228+00,,,2025-04-01 17:21:14.237591+00,false,false,,false,false,,,,,,,,,,,,,,false,,,false,false,,,,true,active,2bad082d-6f33-40d1-ab74-38dbe860f50f
8dd73dc3-0da4-4b9e-9dbb-bdd4cfcc1fdb,87fea98f-c633-4b41-ac83-731912da82f7,ins_sandbox,account_1b64e7cc-2e5d-4cd7-a870-8ceb316f5ba1,Mortgage,loan,mortgage,,-235000.50,0.00,7890,30-Year Fixed Mortgage,USD,false,2025-04-01 03:54:47.378348+00,2025-04-01 05:19:50.364575+00,,USD,2025-04-01 03:54:47.378348+00,false,false,,false,true,,3.25,,,,2052-03-24,,,235000.5,2022-04-01,1250.0,,,false,,,false,false,,,,true,active,
8e47cf3b-6385-44c0-a160-2167572ebecb,87fea98f-c633-4b41-ac83-731912da82f7,ins_sandbox,JMkEgvqkPxHZ3v9ReDnMIAmBw1pPKdCB1zjR8,Plaid Business Credit Card,credit,credit card,,5020.00,4980.00,,,USD,false,2025-04-01 05:20:22.065802+00,2025-04-01 06:45:13.674467+00,,,2025-04-01 05:20:22.065802+00,false,false,,false,false,,,,,,,,,,,,,,false,,,false,false,,,,true,active,b9b33257-2316-4ced-a081-ceb6a7d6e052
8ecc7899-1520-4b1e-9029-e1f327921f49,76fd3ee4-9717-4f92-97b1-e60ee8624231,,0e3646ee-979b-4f2e-a89f-6f4b964adaa1,Account 4adaa1,depository,checking,,0.00,0.00,,,USD,false,2025-04-01 08:08:53.573627+00,2025-04-01 08:08:53.573627+00,,,2025-04-01 08:08:53.573627+00,false,false,,false,false,,,,,,,,,,,,,,false,,,false,false,,,,false,active,
8f299eee-becc-4128-bfee-c95ac4cb9d71,76fd3ee4-9717-4f92-97b1-e60ee8624231,,e5df9150-52b0-4a42-bb7c-f04c04225b60,Account 225b60,depository,checking,,0.00,0.00,,,USD,false,2025-04-01 08:08:53.313171+00,2025-04-01 08:08:53.313171+00,,,2025-04-01 08:08:53.313171+00,false,false,,false,false,,,,,,,,,,,,,,false,,,false,false,,,,false,active,
8fffc71c-c3e3-4196-bfbf-a4c26c1f17f3,76fd3ee4-9717-4f92-97b1-e60ee8624231,ins_sandbox,9LBvwVxmGDsxJeoaGMznTLQ5enrW3wt4b5357,Plaid Mortgage,loan,mortgage,,56302.06,0.00,,,USD,false,2025-04-01 07:53:41.186934+00,2025-04-01 17:29:11.717852+00,,,2025-04-01 07:53:41.186934+00,false,false,,false,false,,,,,,,,,,,,,,false,,,false,false,,,,true,active,2702a186-7c9c-4085-b192-d5fefb4da770
90a4849e-fd98-44bb-8e81-d7d488616fee,87fea98f-c633-4b41-ac83-731912da82f7,ins_sandbox,yGdVmLXdxKIv8V3Zy9PptPeQXn71mlt4oVdEl,Plaid Saving,depository,savings,,210.00,200.00,,,USD,false,2025-04-01 05:20:20.313691+00,2025-04-01 06:45:11.404041+00,,,2025-04-01 05:20:20.313691+00,false,false,,false,false,,,,,,,,,,,,,,false,,,false,false,,,,true,active,b9b33257-2316-4ced-a081-ceb6a7d6e052
934536df-6cf0-499d-838c-0b88b974e1f9,76fd3ee4-9717-4f92-97b1-e60ee8624231,ins_sandbox,oQ9NvoRGEVsrBqajyJLzHjQ8Rb7zd5FoVaP1W,Plaid Student Loan,loan,student,,65262.00,0.00,,,USD,false,2025-04-01 17:29:19.648828+00,2025-04-01 17:29:19.648828+00,,,2025-04-01 17:29:19.648828+00,false,false,,false,false,,,,,,,,,,,,,,false,,,false,false,,,,true,active,d39379fb-6687-453d-895e-4778945b313c
9385a7a7-82d1-4785-a2e3-09381f283eca,76fd3ee4-9717-4f92-97b1-e60ee8624231,ins_sandbox,WQro48dWKVtZW8A5b41Ef36MvGxpQDH6AD5Dv,Plaid Saving,depository,savings,,210.00,200.00,,,USD,false,2025-04-01 07:53:40.238221+00,2025-04-01 17:29:10.115586+00,,,2025-04-01 07:53:40.238221+00,false,false,,false,false,,,,,,,,,,,,,,false,,,false,false,,,,true,active,2702a186-7c9c-4085-b192-d5fefb4da770
93e71d67-efa0-4cff-b699-50f25995bb96,76fd3ee4-9717-4f92-97b1-e60ee8624231,ins_sandbox,N6JQBRZVJXIQP89gNdjbHMyNVwBxEpuypqnRy,Plaid Student Loan,loan,student,,65262.00,0.00,,,USD,false,2025-04-01 05:34:56.091147+00,2025-04-01 17:29:17.23564+00,,,2025-04-01 05:34:56.091147+00,false,false,,false,false,,,,,,,,,,,,,,false,,,false,false,,,,true,active,da49b2a8-de5c-471b-99cd-5ae6104b2c80
95d25707-fdea-43a5-b05d-38b4f31728d7,76fd3ee4-9717-4f92-97b1-e60ee8624231,ins_sandbox,EyZzrN1dabiB87N5LeqnHr6xDW3KMVC4v1M1E,Plaid Checking,depository,checking,,110.00,100.00,,,USD,false,2025-04-01 07:53:40.121769+00,2025-04-01 17:29:09.910245+00,,,2025-04-01 07:53:40.121769+00,false,false,,false,false,,,,,,,,,,,,,,false,,,false,false,,,,true,active,2702a186-7c9c-4085-b192-d5fefb4da770
9c0bc2d1-d8cd-4390-a256-1cf5994445ae,44ed8cfa-0980-484e-821f-954394e32312,ins_sandbox,x9XDpykWK7Hrb45NBlllcVK5BGXEZxc6MZpE5,Plaid Student Loan,loan,student,,65262.00,0.00,,,USD,false,2025-04-01 17:54:01.093686+00,2025-04-01 18:59:21.895934+00,,,2025-04-01 17:54:01.093686+00,false,false,,false,false,,,,,,,,,,,,,,false,,,false,false,,,,true,active,65c33222-de65-4c56-ab96-c5aa9a678709
9cc5f12c-ca1a-46d3-8c30-e33d1a1a1d3c,76fd3ee4-9717-4f92-97b1-e60ee8624231,,0194b632-1e5f-478a-84db-fbd0d9c6697d,Account c6697d,depository,checking,,0.00,0.00,,,USD,false,2025-04-01 08:08:52.886025+00,2025-04-01 08:08:52.886025+00,,,2025-04-01 08:08:52.886025+00,false,false,,false,false,,,,,,,,,,,,,,false,,,false,false,,,,false,active,
9cdffd01-ad73-44f9-a1e1-e080045db37f,76fd3ee4-9717-4f92-97b1-e60ee8624231,,8e47cf3b-6385-44c0-a160-2167572ebecb,Account 2ebecb,depository,checking,,0.00,0.00,,,USD,false,2025-04-01 08:08:56.452558+00,2025-04-01 08:08:56.452558+00,,,2025-04-01 08:08:56.452558+00,false,false,,false,false,,,,,,,,,,,,,,false,,,false,false,,,,false,active,
a00e49d9-204b-452d-af60-8bab030166f1,76fd3ee4-9717-4f92-97b1-e60ee8624231,ins_sandbox,BAJzMRBNJXFoyr9QlgeDTXa3ol5rDEc45NAml,Plaid Saving,depository,savings,,210.00,200.00,,,USD,false,2025-04-01 05:34:54.985089+00,2025-04-01 17:29:15.997122+00,,,2025-04-01 05:34:54.985089+00,false,false,,false,false,,,,,,,,,,,,,,false,,,false,false,,,,true,active,da49b2a8-de5c-471b-99cd-5ae6104b2c80
a03b271b-3d77-46cf-a856-c98e1c0d2875,76fd3ee4-9717-4f92-97b1-e60ee8624231,,7e3cb998-aa18-46bd-9e2d-d3de7a35fbc7,Account 35fbc7,depository,checking,,0.00,0.00,,,USD,false,2025-04-01 08:08:56.983657+00,2025-04-01 08:08:56.983657+00,,,2025-04-01 08:08:56.983657+00,false,false,,false,false,,,,,,,,,,,,,,false,,,false,false,,,,false,active,
a0857d01-13dc-420a-8425-db17c6d15cbf,87fea98f-c633-4b41-ac83-731912da82f7,ins_sandbox,account_a8236903-2557-43db-84c9-c77743bdb678,Savings Account,depository,savings,,15000.00,15000.00,5678,High Yield Savings,USD,false,2025-04-01 02:53:16.942115+00,2025-04-01 05:19:50.364575+00,,USD,2025-04-01 02:53:16.942115+00,false,false,,false,false,,0.65,,,,,,,,,,,,false,,,false,false,,,,true,active,
a16a09e6-3cb9-4486-bf95-575b889c73aa,76fd3ee4-9717-4f92-97b1-e60ee8624231,,82d9f51e-0df5-4576-9f50-ac654a84b2f3,Account 84b2f3,depository,checking,,0.00,0.00,,,USD,false,2025-04-01 08:08:52.174505+00,2025-04-01 08:08:52.174505+00,,,2025-04-01 08:08:52.174505+00,false,false,,false,false,,,,,,,,,,,,,,false,,,false,false,,,,false,active,
a5fa28fc-f6f6-47ff-860b-ca07e2bb8509,87fea98f-c633-4b41-ac83-731912da82f7,ins_sandbox,wW3KnMG3BlF7lP56EGLQIKM6ElgzRjcP3n9WR,Plaid HSA,depository,hsa,,6009.00,6009.00,,,USD,false,2025-04-01 05:20:21.800673+00,2025-04-01 06:45:13.241865+00,,,2025-04-01 05:20:21.800673+00,false,false,,true,false,,,,,,,,,,,,,,true,,,false,false,,,,true,active,b9b33257-2316-4ced-a081-ceb6a7d6e052
a7d0ed24-2f8b-4c8b-b5b0-e0efb29cd2d1,76fd3ee4-9717-4f92-97b1-e60ee8624231,,90a4849e-fd98-44bb-8e81-d7d488616fee,Account 616fee,depository,checking,,0.00,0.00,,,USD,false,2025-04-01 08:08:56.725086+00,2025-04-01 08:08:56.725086+00,,,2025-04-01 08:08:56.725086+00,false,false,,false,false,,,,,,,,,,,,,,false,,,false,false,,,,false,active,
a9f0096a-4ed0-4905-a0ff-6dbb73b71548,87fea98f-c633-4b41-ac83-731912da82f7,ins_sandbox,account_7777725b-13af-4342-94c1-b2bd0a8419e4,Investment Account,investment,brokerage,,52000.00,52000.00,3456,Brokerage Account,USD,false,2025-04-01 03:56:44.79264+00,2025-04-01 05:19:50.364575+00,,USD,2025-04-01 03:56:44.79264+00,false,false,,false,false,,,,,,,,,,,,,,false,,,false,false,,,,true,active,
ab3993ad-1196-41f9-bd0b-6b4131b6f741,87fea98f-c633-4b41-ac83-731912da82f7,ins_sandbox,account_3427d09f-087f-4084-a0ac-1d78ca511afd,Savings Account,depository,savings,,15000.00,15000.00,5678,High Yield Savings,USD,false,2025-04-01 03:50:23.149096+00,2025-04-01 05:19:50.364575+00,,USD,2025-04-01 03:50:23.149096+00,false,false,,false,false,,0.65,,,,,,,,,,,,false,,,false,false,,,,true,active,
b18b2cd2-8c45-45ee-804f-2e60e705bdab,87fea98f-c633-4b41-ac83-731912da82f7,ins_sandbox,account_c38e0c2e-302c-4f89-bc27-506f52ea7176,Savings Account,depository,savings,,15000.00,15000.00,5678,High Yield Savings,USD,false,2025-04-01 03:48:31.312005+00,2025-04-01 05:19:50.364575+00,,USD,2025-04-01 03:48:31.312005+00,false,false,,false,false,,0.65,,,,,,,,,,,,false,,,false,false,,,,true,active,
b1bb9aed-bf60-4f5c-b4cb-23e630f9da66,76fd3ee4-9717-4f92-97b1-e60ee8624231,ins_sandbox,XlW6vX9Ez3cjw3vJMAmBcv3PWMjPGgFbLwBXd,Plaid Checking,depository,checking,,110.00,100.00,,,USD,false,2025-04-01 17:21:14.032698+00,2025-04-01 17:29:12.98306+00,,,2025-04-01 17:21:14.032698+00,false,false,,false,false,,,,,,,,,,,,,,false,,,false,false,,,,true,active,2bad082d-6f33-40d1-ab74-38dbe860f50f
b5b22d32-9b51-49b7-9db6-a7f105d78caa,76fd3ee4-9717-4f92-97b1-e60ee8624231,,13132989-a78c-45f9-9e34-3d031399a4af,Account 99a4af,depository,checking,,0.00,0.00,,,USD,false,2025-04-01 08:08:54.418942+00,2025-04-01 08:08:54.418942+00,,,2025-04-01 08:08:54.418942+00,false,false,,false,false,,,,,,,,,,,,,,false,,,false,false,,,,false,active,
b6215603-757d-4f2b-bc23-8a0bb65ff7f4,87fea98f-c633-4b41-ac83-731912da82f7,ins_sandbox,account_f8b15034-b9b4-4f87-bf3a-3996199467d5,Credit Card,credit,credit card,,-3250.30,6750.00,9012,Rewards Platinum Card,USD,false,2025-04-01 03:56:44.72297+00,2025-04-01 05:19:50.364575+00,,USD,2025-04-01 03:56:44.72297+00,false,false,,false,true,,18.99,,35.0,2025-04-15,,6750.0,10000.0,,,,,,false,,,false,false,,,,true,active,
b8a3bd94-4ba8-4023-bcc6-7d2fb2ba03fc,76fd3ee4-9717-4f92-97b1-e60ee8624231,,a9f0096a-4ed0-4905-a0ff-6dbb73b71548,Account b71548,depository,checking,,0.00,0.00,,,USD,false,2025-04-01 08:08:53.445523+00,2025-04-01 08:08:53.445523+00,,,2025-04-01 08:08:53.445523+00,false,false,,false,false,,,,,,,,,,,,,,false,,,false,false,,,,false,active,
ba2bf77d-2544-4e08-9cb3-ac5078dca7dd,76fd3ee4-9717-4f92-97b1-e60ee8624231,,23c1c08a-0113-4df5-8a38-3718efd9cb5c,Account d9cb5c,depository,checking,,0.00,0.00,,,USD,false,2025-04-01 08:08:55.822586+00,2025-04-01 08:08:55.822586+00,,,2025-04-01 08:08:55.822586+00,false,false,,false,false,,,,,,,,,,,,,,false,,,false,false,,,,false,active,
bc1c852b-ce5a-405f-b021-076aa1fd7e6c,76fd3ee4-9717-4f92-97b1-e60ee8624231,,e2301a4d-0707-4dba-b9da-57ed1a5c22ae,Account 5c22ae,depository,checking,,0.00,0.00,,,USD,false,2025-04-01 08:08:57.236442+00,2025-04-01 08:08:57.236442+00,,,2025-04-01 08:08:57.236442+00,false,false,,false,false,,,,,,,,,,,,,,false,,,false,false,,,,false,active,
bccaa86f-9711-4f16-93c2-921c56470514,76fd3ee4-9717-4f92-97b1-e60ee8624231,ins_sandbox,vjKrR54opyTGbyP4rVgXSxJn97g6pDfq4EPE9,Plaid HSA,depository,hsa,,6009.00,6009.00,,,USD,false,2025-04-01 07:53:41.304372+00,2025-04-01 17:29:11.941429+00,,,2025-04-01 07:53:41.304372+00,false,false,,true,false,,,,,,,,,,,,,,true,,,false,false,,,,true,active,2702a186-7c9c-4085-b192-d5fefb4da770
befa4308-f043-4bda-973c-e7acadd7e292,76fd3ee4-9717-4f92-97b1-e60ee8624231,ins_sandbox,k1WP3Z4jJRs94nokqEeKc9ow5KVwnGFLoyPjq,Plaid 401k,investment,401k,,23631.98,0.00,,,USD,false,2025-04-01 17:21:15.036997+00,2025-04-01 17:29:14.19838+00,,,2025-04-01 17:21:15.036997+00,false,false,,true,false,,,,,,,,,,,,,,true,,,false,false,,,,true,active,2bad082d-6f33-40d1-ab74-38dbe860f50f
c705a782-1496-44c7-bbda-e573511c4971,76fd3ee4-9717-4f92-97b1-e60ee8624231,,19ae680f-2f5d-437e-99ca-315f0881b290,Account 81b290,depository,checking,,0.00,0.00,,,USD,false,2025-04-01 08:08:57.109742+00,2025-04-01 08:08:57.109742+00,,,2025-04-01 08:08:57.109742+00,false,false,,false,false,,,,,,,,,,,,,,false,,,false,false,,,,false,active,
c742feb0-c4fc-4fa6-913f-f2086417756f,76fd3ee4-9717-4f92-97b1-e60ee8624231,,33a30da2-4d6e-458b-8a23-121481939329,Account 939329,depository,checking,,0.00,0.00,,,USD,false,2025-04-01 08:08:55.56725+00,2025-04-01 08:08:55.56725+00,,,2025-04-01 08:08:55.56725+00,false,false,,false,false,,,,,,,,,,,,,,false,,,false,false,,,,false,active,
c825ac29-1634-44d6-a690-6480cd585ddc,76fd3ee4-9717-4f92-97b1-e60ee8624231,ins_sandbox,bA7aj31K8rCdgZB4ry53hKyNQ5aqvDHmydJdr,Plaid IRA,investment,ira,,320.76,0.00,,,USD,false,2025-04-01 07:53:40.809819+00,2025-04-01 17:29:11.029509+00,,,2025-04-01 17:27:53.279591+00,false,false,,true,false,,,,,,,,,,,,320.76,,true,,,false,false,,,,true,active,2702a186-7c9c-4085-b192-d5fefb4da770
cd7715e8-fd0d-4cea-86cb-6a4f91bef00a,76fd3ee4-9717-4f92-97b1-e60ee8624231,,6537ddcc-cfff-41d0-b231-fc70aec3331d,Account c3331d,depository,checking,,0.00,0.00,,,USD,false,2025-04-01 08:08:57.357735+00,2025-04-01 08:08:57.357735+00,,,2025-04-01 08:08:57.357735+00,false,false,,false,false,,,,,,,,,,,,,,false,,,false,false,,,,false,active,
d167baed-a32f-424e-b9df-7e3d39268881,76fd3ee4-9717-4f92-97b1-e60ee8624231,ins_sandbox,dB1Pkwze1bIAx74pDBQVIlgAz1deDocJzxDVo,Plaid Money Market,depository,money market,,43200.00,43200.00,,,USD,false,2025-04-01 05:34:55.550236+00,2025-04-01 17:29:16.609971+00,,,2025-04-01 05:34:55.550236+00,false,false,,false,false,,,,,,,,,,,,,,false,,,false,false,,,,true,active,da49b2a8-de5c-471b-99cd-5ae6104b2c80
d26f301b-0984-4a09-84c9-c2ce16ee6fb2,76fd3ee4-9717-4f92-97b1-e60ee8624231,,690bb7a9-0448-4bb9-863c-082227697c47,Account 697c47,depository,checking,,0.00,0.00,,,USD,false,2025-04-01 08:08:56.850429+00,2025-04-01 08:08:56.850429+00,,,2025-04-01 08:08:56.850429+00,false,false,,false,false,,,,,,,,,,,,,,false,,,false,false,,,,false,active,
d9ef104c-14d6-4e41-a229-d98d148e450c,76fd3ee4-9717-4f92-97b1-e60ee8624231,,5658d42a-ff9c-4973-a02a-50e60e926b9c,Account 926b9c,depository,checking,,0.00,0.00,,,USD,false,2025-04-01 08:08:52.433836+00,2025-04-01 08:08:52.433836+00,,,2025-04-01 08:08:52.433836+00,false,false,,false,false,,,,,,,,,,,,,,false,,,false,false,,,,false,active,
dc282d2f-bc0d-4645-911f-e4fc6c5e1844,76fd3ee4-9717-4f92-97b1-e60ee8624231,,b6215603-757d-4f2b-bc23-8a0bb65ff7f4,Account 5ff7f4,depository,checking,,0.00,0.00,,,USD,false,2025-04-01 08:08:56.201608+00,2025-04-01 08:08:56.201608+00,,,2025-04-01 08:08:56.201608+00,false,false,,false,false,,,,,,,,,,,,,,false,,,false,false,,,,false,active,
dc653e5b-d521-4ff9-a5a9-f662677934f2,76fd3ee4-9717-4f92-97b1-e60ee8624231,ins_sandbox,gdkZo6rG9Vhe45mBz1G3fGXvaVK5oPHE7bGPA,Plaid Mortgage,loan,mortgage,,56302.06,0.00,,,USD,false,2025-04-01 17:29:19.795195+00,2025-04-01 17:29:19.795195+00,,,2025-04-01 17:29:19.795195+00,false,false,,false,false,,,,,,,,,,,,,,false,,,false,false,,,,true,active,d39379fb-6687-453d-895e-4778945b313c
dc6619e0-c183-4522-a6e2-920fe8a19a8c,76fd3ee4-9717-4f92-97b1-e60ee8624231,,7a2a363a-a3c3-47ca-ac99-c2807535333f,Account 35333f,depository,checking,,0.00,0.00,,,USD,false,2025-04-01 08:08:56.590287+00,2025-04-01 08:08:56.590287+00,,,2025-04-01 08:08:56.590287+00,false,false,,false,false,,,,,,,,,,,,,,false,,,false,false,,,,false,active,
df02dde1-4f4d-404d-bca9-2ca924a9d56f,44ed8cfa-0980-484e-821f-954394e32312,ins_sandbox,a436wKNr75tXxqo1RZZZhnl3GRNvkycZ6vl9y,Plaid HSA,depository,hsa,,6009.00,6009.00,,,USD,false,2025-04-01 17:54:01.548263+00,2025-04-01 18:59:22.349586+00,,,2025-04-01 17:54:01.548263+00,false,false,,true,false,,,,,,,,,,,,,,true,,,false,false,,,,true,active,65c33222-de65-4c56-ab96-c5aa9a678709
e2301a4d-0707-4dba-b9da-57ed1a5c22ae,87fea98f-c633-4b41-ac83-731912da82f7,ins_sandbox,account_db9daadc-3500-4fa3-92a7-ca140c310db6,Mortgage,loan,mortgage,,-235000.50,0.00,7890,30-Year Fixed Mortgage,USD,false,2025-04-01 03:50:23.40981+00,2025-04-01 05:19:50.364575+00,,USD,2025-04-01 03:50:23.40981+00,false,false,,false,true,,3.25,,,,2052-03-24,,,235000.5,2022-04-01,1250.0,,,false,,,false,false,,,,true,active,
e5612ada-46ed-4fb9-b743-7bc557628808,76fd3ee4-9717-4f92-97b1-e60ee8624231,,5e61af30-4998-46b8-b46c-642a283a0dc4,Account 3a0dc4,depository,checking,,0.00,0.00,,,USD,false,2025-04-01 08:08:55.94636+00,2025-04-01 08:08:55.94636+00,,,2025-04-01 08:08:55.94636+00,false,false,,false,false,,,,,,,,,,,,,,false,,,false,false,,,,false,active,
e5df9150-52b0-4a42-bb7c-f04c04225b60,87fea98f-c633-4b41-ac83-731912da82f7,ins_sandbox,account_e7fee6cb-c77e-4410-8f11-3d4592a3fa1c,401(k),investment,401k,,98750.25,0.00,1357,Employer 401(k) Plan,USD,false,2025-04-01 03:50:23.479223+00,2025-04-01 05:19:50.364575+00,,USD,2025-04-01 03:50:23.479223+00,false,false,,false,false,,,,,,,,,,,,,,false,,,false,false,,,,true,active,
e8708788-57bf-4ed5-84a8-5aee4a9100ed,76fd3ee4-9717-4f92-97b1-e60ee8624231,,1f5058f1-8f57-4fbb-80ce-53dd3fd10776,Account d10776,depository,checking,,0.00,0.00,,,USD,false,2025-04-01 08:08:54.744972+00,2025-04-01 08:08:54.744972+00,,,2025-04-01 08:08:54.744972+00,false,false,,false,false,,,,,,,,,,,,,,false,,,false,false,,,,false,active,
eab48547-cc3e-4004-9212-5eb5e8f1ef4e,76fd3ee4-9717-4f92-97b1-e60ee8624231,,47f1a325-b843-467e-8e66-adf659a95a21,Account a95a21,depository,checking,,0.00,0.00,,,USD,false,2025-04-01 08:08:51.774532+00,2025-04-01 08:08:51.774532+00,,,2025-04-01 08:08:51.774532+00,false,false,,false,false,,,,,,,,,,,,,,false,,,false,false,,,,false,active,
eb91ace3-5c7c-40ae-9ca7-598159149328,76fd3ee4-9717-4f92-97b1-e60ee8624231,,10c729bf-fbb9-4f61-a96b-b70d1ee38fea,Account e38fea,depository,checking,,0.00,0.00,,,USD,false,2025-04-01 08:08:52.562646+00,2025-04-01 08:08:52.562646+00,,,2025-04-01 08:08:52.562646+00,false,false,,false,false,,,,,,,,,,,,,,false,,,false,false,,,,false,active,
f1443c89-6927-4600-a6f3-a78e74fd13da,76fd3ee4-9717-4f92-97b1-e60ee8624231,ins_sandbox,4D1QzrWw1mHVNy1JMvzXCbMrVGp3BvtJVwnGd,Plaid 401k,investment,401k,,23631.98,0.00,,,USD,false,2025-04-01 05:34:55.966743+00,2025-04-01 17:29:17.02443+00,,,2025-04-01 17:21:47.5859+00,false,false,,true,false,,,,,,,,,,,,25125.633179999997,,true,,,false,false,,,,true,active,da49b2a8-de5c-471b-99cd-5ae6104b2c80
f32ba969-d7d3-4864-8f4f-2d133f9b9e3a,87fea98f-c633-4b41-ac83-731912da82f7,ins_sandbox,account_d3d90a81-055f-444d-bf00-42a6b262a244,Checking Account,depository,checking,,2500.75,2300.50,1234,Primary Checking Account,USD,false,2025-04-01 03:56:44.580635+00,2025-04-01 05:19:50.364575+00,,USD,2025-04-01 03:56:44.580635+00,false,false,,false,false,,,,,,,,,,,,,,false,,,false,false,,,,true,active,
f44cdaad-0635-43c4-8bac-f5f5e902c88e,76fd3ee4-9717-4f92-97b1-e60ee8624231,ins_sandbox,Q6mglAedBoT5ALk7bGgKu3e5q9WpoVfwlxnZj,Plaid Saving,depository,savings,,210.00,200.00,,,USD,false,2025-04-01 17:29:18.808213+00,2025-04-01 17:29:18.808213+00,,,2025-04-01 17:29:18.808213+00,false,false,,false,false,,,,,,,,,,,,,,false,,,false,false,,,,true,active,d39379fb-6687-453d-895e-4778945b313c
f7c44b42-7a8d-4e78-926d-f0fa1e3a3522,44ed8cfa-0980-484e-821f-954394e32312,ins_sandbox,KGVAM63NP5UXrD73Aeeehm4z3NlGEeIRojWv5,Plaid CD,depository,cd,,1000.00,0.00,,,USD,false,2025-04-01 17:53:59.845296+00,2025-04-01 18:59:20.414326+00,,,2025-04-01 17:53:59.845296+00,false,false,,false,false,,,,,,,,,,,,,,false,,,false,false,,,,true,active,65c33222-de65-4c56-ab96-c5aa9a678709
f865f57f-da9a-4249-bdee-a2f8ee02b6da,76fd3ee4-9717-4f92-97b1-e60ee8624231,ins_sandbox,15m3QBeqZpiqXRVr3PlGiAoQbXPVjxspPgaNv,Plaid Money Market,depository,money market,,43200.00,43200.00,,,USD,false,2025-04-01 17:29:19.239778+00,2025-04-01 17:29:19.239778+00,,,2025-04-01 17:29:19.239778+00,false,false,,false,false,,,,,,,,,,,,,,false,,,false,false,,,,true,active,d39379fb-6687-453d-895e-4778945b313c
fcb4f9dd-98f4-4b74-98d1-6eecb297e5c9,76fd3ee4-9717-4f92-97b1-e60ee8624231,ins_sandbox,5ZmRPKjGLXfwy9rMP7kLFAlKkJ5K3dF58qBnp,Plaid Money Market,depository,money market,,43200.00,43200.00,,,USD,false,2025-04-01 17:21:14.709149+00,2025-04-01 17:29:13.800447+00,,,2025-04-01 17:21:14.709149+00,false,false,,false,false,,,,,,,,,,,,,,false,,,false,false,,,,true,active,2bad082d-6f33-40d1-ab74-38dbe860f50f
fdb710db-f73e-447b-92ff-6eb07b35445b,87fea98f-c633-4b41-ac83-731912da82f7,ins_sandbox,vEBqGZwBzDHjgaPDpEN7Hb9DkA7mBauqgyx8A,Plaid Credit Card,credit,credit card,,410.00,0.00,,,USD,false,2025-04-01 05:20:20.799802+00,2025-04-01 06:45:11.830795+00,,,2025-04-01 05:20:20.799802+00,false,false,,false,false,,,,,,,,,,,,,,false,,,false,false,,,,true,active,b9b33257-2316-4ced-a081-ceb6a7d6e052