﻿"table_name","column_name","data_type","column_default","is_nullable"
"account_credit_details","id","uuid","gen_random_uuid()","NO"
"account_credit_details","account_id","uuid","null","NO"
"account_credit_details","is_overdue","boolean","false","YES"
"account_credit_details","last_payment_amount","numeric","null","YES"
"account_credit_details","last_payment_date","date","null","YES"
"account_credit_details","last_statement_date","date","null","YES"
"account_credit_details","last_statement_balance","numeric","null","YES"
"account_credit_details","minimum_payment","numeric","null","YES"
"account_credit_details","next_payment_due_date","date","null","YES"
"account_credit_details","interest_rate","numeric","null","YES"
"account_credit_details","credit_limit","numeric","null","YES"
"account_credit_details","created_at","timestamp with time zone","now()","YES"
"account_credit_details","updated_at","timestamp with time zone","now()","YES"
"account_holdings","id","uuid","gen_random_uuid()","NO"
"account_holdings","account_id","uuid","null","NO"
"account_holdings","security_id","uuid","null","NO"
"account_holdings","cost_basis","numeric","null","YES"
"account_holdings","quantity","numeric","null","NO"
"account_holdings","institution_value","numeric","null","YES"
"account_holdings","institution_price","numeric","null","YES"
"account_holdings","institution_price_as_of","date","null","YES"
"account_holdings","created_at","timestamp with time zone","now()","YES"
"account_holdings","updated_at","timestamp with time zone","now()","YES"
"account_investments","id","uuid","gen_random_uuid()","NO"
"account_investments","account_id","uuid","null","NO"
"account_investments","retirement_account","boolean","false","YES"
"account_investments","tax_advantaged","boolean","false","YES"
"account_investments","contribution_ytd","numeric","null","YES"
"account_investments","ytd_interest_paid","numeric","null","YES"
"account_investments","ytd_dividend_income","numeric","null","YES"
"account_investments","total_fees_ytd","numeric","null","YES"
"account_investments","created_at","timestamp with time zone","now()","YES"
"account_investments","updated_at","timestamp with time zone","now()","YES"
"account_loan_details","id","uuid","gen_random_uuid()","NO"
"account_loan_details","account_id","uuid","null","NO"
"account_loan_details","origination_date","date","null","YES"
"account_loan_details","origination_principal","numeric","null","YES"
"account_loan_details","interest_rate","numeric","null","YES"
"account_loan_details","interest_rate_type","text","null","YES"
"account_loan_details","maturity_date","date","null","YES"
"account_loan_details","loan_term","integer","null","YES"
"account_loan_details","payment_amount","numeric","null","YES"
"account_loan_details","payment_frequency","text","null","YES"
"account_loan_details","next_payment_due_date","date","null","YES"
"account_loan_details","ytd_interest_paid","numeric","null","YES"
"account_loan_details","ytd_principal_paid","numeric","null","YES"
"account_loan_details","created_at","timestamp with time zone","now()","YES"
"account_loan_details","updated_at","timestamp with time zone","now()","YES"
"accounts","id","uuid","gen_random_uuid()","NO"
"accounts","user_id","uuid","null","NO"
"accounts","institution_id","text","null","YES"
"accounts","account_id","text","null","NO"
"accounts","name","text","null","NO"
"accounts","type","text","null","NO"
"accounts","subtype","text","null","YES"
"accounts","account_category","text","null","YES"
"accounts","current_balance","numeric","null","NO"
"accounts","available_balance","numeric","null","YES"
"accounts","mask","text","null","YES"
"accounts","official_name","text","null","YES"
"accounts","currency_code","text","'USD'::text","YES"
"accounts","hidden","boolean","false","YES"
"accounts","created_at","timestamp with time zone","now()","YES"
"accounts","updated_at","timestamp with time zone","now()","YES"
"accounts","limit","numeric","null","YES"
"accounts","iso_currency_code","text","null","YES"
"accounts","last_updated","timestamp with time zone","now()","YES"
"accounts","is_deleted","boolean","false","YES"
"accounts","is_hidden","boolean","false","YES"
"accounts","plaid_account_id","text","null","YES"
"accounts","is_investment_account","boolean","false","YES"
"accounts","is_debt_account","boolean","false","YES"
"accounts","debt_type","text","null","YES"
"accounts","interest_rate","numeric","null","YES"
"accounts","late_fee","numeric","null","YES"
"accounts","minimum_payment","numeric","null","YES"
"accounts","payment_due_date","date","null","YES"
"accounts","maturity_date","date","null","YES"
"accounts","available_credit","numeric","null","YES"
"accounts","credit_limit","numeric","null","YES"
"accounts","loan_balance","numeric","null","YES"
"accounts","origination_date","date","null","YES"
"accounts","payment_amount","numeric","null","YES"
"accounts","portfolio_value","numeric","null","YES"
"accounts","account_subtype","text","null","YES"
"accounts","is_investment","boolean","false","YES"
"accounts","icon_url","text","null","YES"
"accounts","color","text","null","YES"
"accounts","is_auth","boolean","false","YES"
"accounts","is_authenticated","boolean","false","YES"
"accounts","loan_type","text","null","YES"
"accounts","loan_term","text","null","YES"
"accounts","loan_rate","numeric","null","YES"
"accounts","is_plaid_synced","boolean","false","YES"
"accounts","status","text","'active'::text","YES"
"accounts","plaid_item_id","text","null","YES"
"budgets","id","uuid","gen_random_uuid()","NO"
"budgets","user_id","uuid","null","NO"
"budgets","category","USER-DEFINED","null","NO"
"budgets","planned_amount","numeric","null","NO"
"budgets","actual_amount","numeric","0","YES"
"budgets","period","USER-DEFINED","'monthly'::budget_period","NO"
"budgets","start_date","date","CURRENT_DATE","NO"
"budgets","end_date","date","null","YES"
"budgets","notes","text","null","YES"
"budgets","variance","numeric","null","YES"
"budgets","created_at","timestamp with time zone","now()","YES"
"budgets","updated_at","timestamp with time zone","now()","YES"
"financial_goals","id","uuid","gen_random_uuid()","NO"
"financial_goals","user_id","uuid","null","NO"
"financial_goals","goal_type","USER-DEFINED","null","NO"
"financial_goals","name","text","null","NO"
"financial_goals","target_amount","numeric","null","NO"
"financial_goals","current_amount","numeric","0","YES"
"financial_goals","target_date","date","null","YES"
"financial_goals","priority","integer","null","YES"
"financial_goals","description","text","null","YES"
"financial_goals","progress_percentage","numeric","null","YES"
"financial_goals","created_at","timestamp with time zone","now()","YES"
"financial_goals","updated_at","timestamp with time zone","now()","YES"
"institutions","id","uuid","gen_random_uuid()","NO"
"institutions","institution_id","text","null","NO"
"institutions","name","text","null","NO"
"institutions","logo","text","null","YES"
"institutions","created_at","timestamp with time zone","now()","YES"
"institutions","updated_at","timestamp with time zone","now()","YES"
"investment_transactions","id","uuid","gen_random_uuid()","NO"
"investment_transactions","account_id","uuid","null","NO"
"investment_transactions","security_id","uuid","null","YES"
"investment_transactions","transaction_id","text","null","NO"
"investment_transactions","date","date","null","NO"
"investment_transactions","name","text","null","YES"
"investment_transactions","type","text","null","NO"
"investment_transactions","quantity","numeric","null","YES"
"investment_transactions","amount","numeric","null","NO"
"investment_transactions","price","numeric","null","YES"
"investment_transactions","fees","numeric","null","YES"
"investment_transactions","created_at","timestamp with time zone","now()","YES"
"investment_transactions","updated_at","timestamp with time zone","now()","YES"
"plaid_items","id","uuid","gen_random_uuid()","NO"
"plaid_items","user_id","uuid","null","NO"
"plaid_items","item_id","text","null","NO"
"plaid_items","access_token","text","null","NO"
"plaid_items","status","text","'active'::text","YES"
"plaid_items","last_sync","timestamp with time zone","now()","YES"
"plaid_items","created_at","timestamp with time zone","now()","YES"
"plaid_items","updated_at","timestamp with time zone","now()","YES"
"plaid_items","last_successful_update","timestamp with time zone","null","YES"
"plaid_items","last_connection_time","timestamp with time zone","null","YES"
"plaid_items","connection_status","text","'active'::text","YES"
"plaid_items","update_type","text","'initial'::text","YES"
"plaid_items","next_hard_refresh","timestamp with time zone","(now() + '90 days'::interval)","YES"
"plaid_items","institution_id","text","null","YES"
"plaid_items_backup","id","uuid","null","YES"
"plaid_items_backup","user_id","uuid","null","YES"
"plaid_items_backup","item_id","text","null","YES"
"plaid_items_backup","access_token","text","null","YES"
"plaid_items_backup","institution_id","uuid","null","YES"
"plaid_items_backup","status","text","null","YES"
"plaid_items_backup","last_sync","timestamp with time zone","null","YES"
"plaid_items_backup","created_at","timestamp with time zone","null","YES"
"plaid_items_backup","updated_at","timestamp with time zone","null","YES"
"plaid_items_backup","last_successful_update","timestamp with time zone","null","YES"
"plaid_items_backup","last_connection_time","timestamp with time zone","null","YES"
"plaid_items_backup","connection_status","text","null","YES"
"plaid_items_backup","update_type","text","null","YES"
"plaid_items_backup","next_hard_refresh","timestamp with time zone","null","YES"
"profiles","id","uuid","null","NO"
"profiles","email","text","null","NO"
"profiles","phone_number","text","null","YES"
"profiles","date_of_birth","date","null","YES"
"profiles","address","text","null","YES"
"profiles","employment_status","USER-DEFINED","null","YES"
"profiles","annual_income","numeric","null","YES"
"profiles","net_worth","numeric","null","YES"
"profiles","risk_tolerance","USER-DEFINED","null","YES"
"profiles","investment_experience","USER-DEFINED","null","YES"
"profiles","investment_timeline","USER-DEFINED","null","YES"
"profiles","retirement_age_goal","integer","null","YES"
"profiles","monthly_savings_goal","numeric","null","YES"
"profiles","investment_preferences","jsonb","'{}'::jsonb","YES"
"profiles","primary_financial_goal","USER-DEFINED","null","YES"
"profiles","secondary_financial_goal","USER-DEFINED","null","YES"
"profiles","current_retirement_savings","numeric","null","YES"
"profiles","target_retirement_savings","numeric","null","YES"
"profiles","current_savings","numeric","null","YES"
"profiles","life_expectancy","integer","null","YES"
"profiles","desired_monthly_income","numeric","null","YES"
"profiles","expected_social_security","numeric","null","YES"
"profiles","created_at","timestamp with time zone","timezone('utc'::text, now())","YES"
"profiles","updated_at","timestamp with time zone","timezone('utc'::text, now())","YES"
"profiles","first_name","text","null","YES"
"profiles","last_name","text","null","YES"
"profiles","tax_bracket","integer","null","YES"
"securities","id","uuid","gen_random_uuid()","NO"
"securities","security_id","text","null","NO"
"securities","name","text","null","NO"
"securities","ticker_symbol","text","null","YES"
"securities","isin","text","null","YES"
"securities","cusip","text","null","YES"
"securities","type","text","null","YES"
"securities","close_price","numeric","null","YES"
"securities","close_price_as_of","date","null","YES"
"securities","currency_code","text","'USD'::text","YES"
"securities","created_at","timestamp with time zone","now()","YES"
"securities","updated_at","timestamp with time zone","now()","YES"
"transactions","id","uuid","gen_random_uuid()","NO"
"transactions","account_id","uuid","null","NO"
"transactions","transaction_id","text","null","NO"
"transactions","amount","numeric","null","NO"
"transactions","date","date","null","NO"
"transactions","merchant_name","text","null","YES"
"transactions","category","text","null","YES"
"transactions","personal_finance_category","text","null","YES"
"transactions","pending","boolean","false","YES"
"transactions","description","text","null","YES"
"transactions","payment_channel","text","null","YES"
"transactions","created_at","timestamp with time zone","now()","YES"
"transactions","updated_at","timestamp with time zone","now()","YES"