id,security_id,name,ticker_symbol,isin,cusip,type,close_price,close_price_as_of,currency_code,created_at,updated_at
00312c64-eb54-4d89-9727-99ac9cf53a99,QDQ13y1Ezxt51QbDb6A8cjk9EK978our9NaAM,United States Treas Bills 0.000% 10/31/24 B/E Dtd 11/02/23 N/C,,,,fixed income,,,USD,2025-04-01 06:49:16.960291+00,2025-04-01 06:49:16.517374+00
11934d01-a9d4-4f0a-add6-80c341e1d2f1,WDwEPnEmJjt5lzNzv4w5F1rBmpBZvAHondAEZ,International Seaways Inc 8.50% NT REDEEM 30/06/2023 USD 25,INSW4638179,,,fixed income,25.2,2022-08-05,USD,2025-04-01 06:39:37.550441+00,2025-04-01 06:39:37.112472+00
2edbb3f9-65bb-442b-99cb-b0c726ddbe64,d6ePmbPxgWCWmMVv66q9iPV94n91vMtov5Are,U S Dollar,,,,cash,,,USD,2025-04-01 06:49:17.229801+00,2025-04-01 06:49:16.780081+00
37f0a497-3398-4474-8138-313be06cfd33,JDdP7XPMklt5vwPmDN45t3KAoWAPmjtpaW7DP,Matthews Pacific Tiger Fund Insti Class,MIPTX,,,mutual fund,,,USD,2025-04-01 06:49:16.327297+00,2025-04-01 06:49:15.877185+00
4c595045-7266-450e-8000-117728b1b696,abJamDazkgfvBkVGgnnLUWXoxnomp5up8llg4,iShares Inc MSCI Brazil,EWZ,,,etf,,,USD,2025-04-01 06:49:17.105887+00,2025-04-01 06:49:16.655029+00
61901de0-16b5-48d6-8878-a59bf5f076b6,8E4L9XLl6MudjEpwPAAgivmdZRdBPJuvMPlPb,Nflx Feb 01'18 $355 Call,NFLX180201C00355000,,,derivative,,,USD,2025-04-01 06:49:16.079937+00,2025-04-01 06:49:15.630076+00
646c99db-baf2-4d58-82d7-83fdc4fa6627,NDVQrXQoqzt5v3bAe8qRt4A7mK7wvZCLEBBJk,DoubleLine Total Return Bond Fund,DBLTX,,,mutual fund,,,USD,2025-04-01 06:49:16.715088+00,2025-04-01 06:49:16.263218+00
6906e834-7453-49b7-bc99-97be1bcdcac4,lngLy3Le7vflLnAzKqwZs19l6bl8P5H1jG9Zz,Trp Equity Income,,,,mutual fund,,,USD,2025-04-01 06:49:17.485394+00,2025-04-01 06:49:17.034909+00
85f77e76-8d38-4115-84d2-d6765c0da801,MD9eKXeplrt5yKRlzLqXiavwb6wrdxUb3wdnM,Cambiar International Equity Institutional,CAMYX,,,mutual fund,,,USD,2025-04-01 06:49:16.586893+00,2025-04-01 06:49:16.138178+00
94b91f01-7159-4cd7-8d19-ab9db4be4ba9,PDRMBVM8r3t5BAAqaKnmFPolGqlg8dtEGxywZ,Matthews Pacific Tiger Investor,MAPTX,,,mutual fund,17.63,2025-03-31,USD,2025-04-01 06:39:37.264686+00,2025-04-01 06:39:36.831725+00
9cc1c669-4aa2-4069-9a74-c6b91d80228e,nnmo8doZ4lfKNEDe3mPJipLGkaGw3jfPrpxoN,NH PORTFOLIO 1055 (FIDELITY INDEX),NHX105509,,,etf,,,USD,2025-04-01 06:49:17.609269+00,2025-04-01 06:49:17.156406+00
9dcc2dad-f379-4c62-9f45-95723ecb4716,AE5rBXra1AuZLE34rkvvIyG8918m3wtRzElnJ,DoubleLine Total Return Bond I,DBLTX,,,mutual fund,8.84,2025-03-31,USD,2025-04-01 06:39:36.472271+00,2025-04-01 06:39:36.028833+00
a54d302f-6817-41f1-9e30-3dec70442973,qy5E8kELlrTnL87xGVjpIBRedAenDzt89pa9q,Southside Bancshares Inc.,SBSI,,,equity,28.96,2025-03-31,USD,2025-04-01 06:39:38.671029+00,2025-04-01 06:39:38.22679+00
ac73ce5e-a6a6-4984-b75e-31fabad1a244,KDwjlXj1Rqt58dVvmzRguxJybmyQL8FgeWWAy,Achillion Pharmaceuticals Inc.,ACHN,,,equity,,,USD,2025-04-01 06:49:16.457825+00,2025-04-01 06:49:16.00975+00
c3252502-fc01-4815-9f8a-049029df07cc,9EWp9Xpqk1ua6DyXQb89ikMARWA6eyUzAbPMg,Bitcoin,BTC,,,cryptocurrency,,,USD,2025-04-01 06:49:16.204529+00,2025-04-01 06:49:15.753657+00
cf83132b-d157-43a8-8da2-c34f24f0c25c,kWX18B17w9t15wLDR1agc4RQK8QNWGCrNM6w1,iShares MSCI EM ESG Optimized ETF,ESGE,,,etf,34.95,2025-03-31,USD,2025-04-01 06:39:38.256897+00,2025-04-01 06:39:37.820531+00
de77136f-3c73-4e65-969a-ecdae81d1b42,eW4jmnjd6AtjxXVrjmj6SX1dNEdZp3Cy8RnRQ,Southside Bancshares Inc.,SBSI,,,equity,,,USD,2025-04-01 06:49:17.351806+00,2025-04-01 06:49:16.910629+00
e1101f3f-5746-4b3d-8eaf-8f428c08ba9c,gWwemqe4pntelG7JlBA7tmJVjlVpNoujWQra1,Minor Hotels Europe & Americas S.A.,NHHEF,,,equity,5.4,2025-03-31,USD,2025-04-01 06:39:38.114403+00,2025-04-01 06:39:37.676027+00
e7029685-e2e9-45eb-b0b2-478c4e97648b,PDRMBVM8r3t5BA9NmJdKfPolGqlg8dtEGB37n,T. Rowe Price Equity Income,PRFDX,,,mutual fund,,,USD,2025-04-01 06:49:16.837361+00,2025-04-01 06:49:16.386468+00
ec7ef44f-f1db-4057-b1e2-49dcbd8afbfd,yn9x81xGdNfjV156BrdrCKmPvyP1ezfkjVgyb,Fennec Pharmaceuticals Inc,FRX,,,equity,9.21,2025-03-31,CAD,2025-04-01 06:39:38.794051+00,2025-04-01 06:39:38.354779+00