﻿"?column?"
"CREATE TABLE auth.audit_log_entries (instance_id uuid, id uuid NOT NULL, payload json, created_at timestamp with time zone, ip_address character varying(64) NOT NULL DEFAULT ''::character varying);"
"CREATE TABLE auth.flow_state (id uuid NOT NULL, user_id uuid, auth_code text NOT NULL, code_challenge_method USER-DEFINED NOT NULL, code_challenge text NOT NULL, provider_type text NOT NULL, provider_access_token text, provider_refresh_token text, created_at timestamp with time zone, updated_at timestamp with time zone, authentication_method text NOT NULL, auth_code_issued_at timestamp with time zone);"
"CREATE TABLE auth.identities (provider_id text NOT NULL, user_id uuid NOT NULL, identity_data jsonb NOT NULL, provider text NOT NULL, last_sign_in_at timestamp with time zone, created_at timestamp with time zone, updated_at timestamp with time zone, email text, id uuid NOT NULL DEFAULT gen_random_uuid());"
"CREATE TABLE auth.instances (id uuid NOT NULL, uuid uuid, raw_base_config text, created_at timestamp with time zone, updated_at timestamp with time zone);"
"CREATE TABLE auth.mfa_amr_claims (session_id uuid NOT NULL, created_at timestamp with time zone NOT NULL, updated_at timestamp with time zone NOT NULL, authentication_method text NOT NULL, id uuid NOT NULL);"
"CREATE TABLE auth.mfa_challenges (id uuid NOT NULL, factor_id uuid NOT NULL, created_at timestamp with time zone NOT NULL, verified_at timestamp with time zone, ip_address inet NOT NULL, otp_code text, web_authn_session_data jsonb);"
"CREATE TABLE auth.mfa_factors (id uuid NOT NULL, user_id uuid NOT NULL, friendly_name text, factor_type USER-DEFINED NOT NULL, status USER-DEFINED NOT NULL, created_at timestamp with time zone NOT NULL, updated_at timestamp with time zone NOT NULL, secret text, phone text, last_challenged_at timestamp with time zone, web_authn_credential jsonb, web_authn_aaguid uuid);"
"CREATE TABLE auth.one_time_tokens (id uuid NOT NULL, user_id uuid NOT NULL, token_type USER-DEFINED NOT NULL, token_hash text NOT NULL, relates_to text NOT NULL, created_at timestamp without time zone NOT NULL DEFAULT now(), updated_at timestamp without time zone NOT NULL DEFAULT now());"
"CREATE TABLE auth.refresh_tokens (instance_id uuid, id bigint NOT NULL DEFAULT nextval('auth.refresh_tokens_id_seq'::regclass), token character varying(255), user_id character varying(255), revoked boolean, created_at timestamp with time zone, updated_at timestamp with time zone, parent character varying(255), session_id uuid);"
"CREATE TABLE auth.saml_providers (id uuid NOT NULL, sso_provider_id uuid NOT NULL, entity_id text NOT NULL, metadata_xml text NOT NULL, metadata_url text, attribute_mapping jsonb, created_at timestamp with time zone, updated_at timestamp with time zone, name_id_format text);"
"CREATE TABLE auth.saml_relay_states (id uuid NOT NULL, sso_provider_id uuid NOT NULL, request_id text NOT NULL, for_email text, redirect_to text, created_at timestamp with time zone, updated_at timestamp with time zone, flow_state_id uuid);"
"CREATE TABLE auth.schema_migrations (version character varying(255) NOT NULL);"
"CREATE TABLE auth.sessions (id uuid NOT NULL, user_id uuid NOT NULL, created_at timestamp with time zone, updated_at timestamp with time zone, factor_id uuid, aal USER-DEFINED, not_after timestamp with time zone, refreshed_at timestamp without time zone, user_agent text, ip inet, tag text);"
"CREATE TABLE auth.sso_domains (id uuid NOT NULL, sso_provider_id uuid NOT NULL, domain text NOT NULL, created_at timestamp with time zone, updated_at timestamp with time zone);"
"CREATE TABLE auth.sso_providers (id uuid NOT NULL, resource_id text, created_at timestamp with time zone, updated_at timestamp with time zone);"
"CREATE TABLE auth.users (instance_id uuid, id uuid NOT NULL, aud character varying(255), role character varying(255), email character varying(255), encrypted_password character varying(255), email_confirmed_at timestamp with time zone, invited_at timestamp with time zone, confirmation_token character varying(255), confirmation_sent_at timestamp with time zone, recovery_token character varying(255), recovery_sent_at timestamp with time zone, email_change_token_new character varying(255), email_change character varying(255), email_change_sent_at timestamp with time zone, last_sign_in_at timestamp with time zone, raw_app_meta_data jsonb, raw_user_meta_data jsonb, is_super_admin boolean, created_at timestamp with time zone, updated_at timestamp with time zone, phone text DEFAULT NULL::character varying, phone_confirmed_at timestamp with time zone, phone_change text DEFAULT ''::character varying, phone_change_token character varying(255) DEFAULT ''::character varying, phone_change_sent_at timestamp with time zone, confirmed_at timestamp with time zone, email_change_token_current character varying(255) DEFAULT ''::character varying, email_change_confirm_status smallint DEFAULT 0, banned_until timestamp with time zone, reauthentication_token character varying(255) DEFAULT ''::character varying, reauthentication_sent_at timestamp with time zone, is_sso_user boolean NOT NULL DEFAULT false, deleted_at timestamp with time zone, is_anonymous boolean NOT NULL DEFAULT false);"
"CREATE TABLE pgsodium.key (id uuid NOT NULL DEFAULT gen_random_uuid(), status USER-DEFINED DEFAULT 'valid'::pgsodium.key_status, created timestamp with time zone NOT NULL DEFAULT CURRENT_TIMESTAMP, expires timestamp with time zone, key_type USER-DEFINED, key_id bigint DEFAULT nextval('pgsodium.key_key_id_seq'::regclass), key_context bytea DEFAULT '\x7067736f6469756d'::bytea, name text, associated_data text DEFAULT 'associated'::text, raw_key bytea, raw_key_nonce bytea, parent_key uuid, comment text, user_data text);"
"CREATE TABLE public.account_credit_details (id uuid NOT NULL DEFAULT gen_random_uuid(), account_id uuid NOT NULL, is_overdue boolean DEFAULT false, last_payment_amount numeric, last_payment_date date, last_statement_date date, last_statement_balance numeric, minimum_payment numeric, next_payment_due_date date, interest_rate numeric, credit_limit numeric, created_at timestamp with time zone DEFAULT now(), updated_at timestamp with time zone DEFAULT now());"
"CREATE TABLE public.account_holdings (id uuid NOT NULL DEFAULT gen_random_uuid(), account_id uuid NOT NULL, security_id uuid NOT NULL, cost_basis numeric, quantity numeric NOT NULL, institution_value numeric, institution_price numeric, institution_price_as_of date, created_at timestamp with time zone DEFAULT now(), updated_at timestamp with time zone DEFAULT now());"
"CREATE TABLE public.account_investments (id uuid NOT NULL DEFAULT gen_random_uuid(), account_id uuid NOT NULL, retirement_account boolean DEFAULT false, tax_advantaged boolean DEFAULT false, contribution_ytd numeric, ytd_interest_paid numeric, ytd_dividend_income numeric, total_fees_ytd numeric, created_at timestamp with time zone DEFAULT now(), updated_at timestamp with time zone DEFAULT now());"
"CREATE TABLE public.account_loan_details (id uuid NOT NULL DEFAULT gen_random_uuid(), account_id uuid NOT NULL, origination_date date, origination_principal numeric, interest_rate numeric, interest_rate_type text, maturity_date date, loan_term integer, payment_amount numeric, payment_frequency text, next_payment_due_date date, ytd_interest_paid numeric, ytd_principal_paid numeric, created_at timestamp with time zone DEFAULT now(), updated_at timestamp with time zone DEFAULT now());"
"CREATE TABLE public.accounts (id uuid NOT NULL DEFAULT gen_random_uuid(), user_id uuid NOT NULL, institution_id uuid, account_id text NOT NULL, name text NOT NULL, type text NOT NULL, subtype text, account_category text, current_balance numeric NOT NULL, available_balance numeric, mask text, official_name text, currency_code text DEFAULT 'USD'::text, hidden boolean DEFAULT false, created_at timestamp with time zone DEFAULT now(), updated_at timestamp with time zone DEFAULT now());"
"CREATE TABLE public.budgets (id uuid NOT NULL DEFAULT gen_random_uuid(), user_id uuid NOT NULL, category USER-DEFINED NOT NULL, planned_amount numeric NOT NULL, actual_amount numeric DEFAULT 0, period USER-DEFINED NOT NULL DEFAULT 'monthly'::budget_period, start_date date NOT NULL DEFAULT CURRENT_DATE, end_date date, notes text, variance numeric, created_at timestamp with time zone DEFAULT now(), updated_at timestamp with time zone DEFAULT now());"
"CREATE TABLE public.financial_goals (id uuid NOT NULL DEFAULT gen_random_uuid(), user_id uuid NOT NULL, goal_type USER-DEFINED NOT NULL, name text NOT NULL, target_amount numeric NOT NULL, current_amount numeric DEFAULT 0, target_date date, priority integer, description text, progress_percentage numeric, created_at timestamp with time zone DEFAULT now(), updated_at timestamp with time zone DEFAULT now());"
"CREATE TABLE public.institutions (id uuid NOT NULL DEFAULT gen_random_uuid(), institution_id text NOT NULL, name text NOT NULL, logo text, created_at timestamp with time zone DEFAULT now(), updated_at timestamp with time zone DEFAULT now());"
"CREATE TABLE public.investment_transactions (id uuid NOT NULL DEFAULT gen_random_uuid(), account_id uuid NOT NULL, security_id uuid, transaction_id text NOT NULL, date date NOT NULL, name text, type text NOT NULL, quantity numeric, amount numeric NOT NULL, price numeric, fees numeric, created_at timestamp with time zone DEFAULT now(), updated_at timestamp with time zone DEFAULT now());"
"CREATE TABLE public.plaid_items (id uuid NOT NULL DEFAULT gen_random_uuid(), user_id uuid NOT NULL, item_id text NOT NULL, access_token text NOT NULL, institution_id uuid, status text DEFAULT 'active'::text, last_sync timestamp with time zone DEFAULT now(), created_at timestamp with time zone DEFAULT now(), updated_at timestamp with time zone DEFAULT now());"
"CREATE TABLE public.profiles (id uuid NOT NULL, email text NOT NULL, phone_number text, date_of_birth date, address text, employment_status USER-DEFINED, annual_income numeric, net_worth numeric, tax_bracket USER-DEFINED, risk_tolerance USER-DEFINED, investment_experience USER-DEFINED, investment_timeline USER-DEFINED, retirement_age_goal integer, monthly_savings_goal numeric, investment_preferences jsonb DEFAULT '{}'::jsonb, primary_financial_goal USER-DEFINED, secondary_financial_goal USER-DEFINED, current_retirement_savings numeric, target_retirement_savings numeric, current_savings numeric, life_expectancy integer, desired_monthly_income numeric, expected_social_security numeric, created_at timestamp with time zone DEFAULT timezone('utc'::text, now()), updated_at timestamp with time zone DEFAULT timezone('utc'::text, now()));"
"CREATE TABLE public.securities (id uuid NOT NULL DEFAULT gen_random_uuid(), security_id text NOT NULL, name text NOT NULL, ticker_symbol text, isin text, cusip text, type text, close_price numeric, close_price_as_of date, currency_code text DEFAULT 'USD'::text, created_at timestamp with time zone DEFAULT now(), updated_at timestamp with time zone DEFAULT now());"
"CREATE TABLE public.transactions (id uuid NOT NULL DEFAULT gen_random_uuid(), account_id uuid NOT NULL, transaction_id text NOT NULL, amount numeric NOT NULL, date date NOT NULL, merchant_name text, category text, personal_finance_category text, pending boolean DEFAULT false, description text, payment_channel text, created_at timestamp with time zone DEFAULT now(), updated_at timestamp with time zone DEFAULT now());"
"CREATE TABLE realtime.messages (topic text NOT NULL, extension text NOT NULL, payload jsonb, event text, private boolean DEFAULT false, updated_at timestamp without time zone NOT NULL DEFAULT now(), inserted_at timestamp without time zone NOT NULL DEFAULT now(), id uuid NOT NULL DEFAULT gen_random_uuid());"
"CREATE TABLE realtime.schema_migrations (version bigint NOT NULL, inserted_at timestamp without time zone);"
"CREATE TABLE realtime.subscription (id bigint NOT NULL, subscription_id uuid NOT NULL, entity regclass NOT NULL, filters ARRAY NOT NULL DEFAULT '{}'::realtime.user_defined_filter[], claims jsonb NOT NULL, claims_role regrole NOT NULL, created_at timestamp without time zone NOT NULL DEFAULT timezone('utc'::text, now()));"
"CREATE TABLE storage.buckets (id text NOT NULL, name text NOT NULL, owner uuid, created_at timestamp with time zone DEFAULT now(), updated_at timestamp with time zone DEFAULT now(), public boolean DEFAULT false, avif_autodetection boolean DEFAULT false, file_size_limit bigint, allowed_mime_types ARRAY, owner_id text);"
"CREATE TABLE storage.migrations (id integer NOT NULL, name character varying(100) NOT NULL, hash character varying(40) NOT NULL, executed_at timestamp without time zone DEFAULT CURRENT_TIMESTAMP);"
"CREATE TABLE storage.objects (id uuid NOT NULL DEFAULT gen_random_uuid(), bucket_id text, name text, owner uuid, created_at timestamp with time zone DEFAULT now(), updated_at timestamp with time zone DEFAULT now(), last_accessed_at timestamp with time zone DEFAULT now(), metadata jsonb, path_tokens ARRAY, version text, owner_id text, user_metadata jsonb);"
"CREATE TABLE storage.s3_multipart_uploads (id text NOT NULL, in_progress_size bigint NOT NULL DEFAULT 0, upload_signature text NOT NULL, bucket_id text NOT NULL, key text NOT NULL, version text NOT NULL, owner_id text, created_at timestamp with time zone NOT NULL DEFAULT now(), user_metadata jsonb);"
"CREATE TABLE storage.s3_multipart_uploads_parts (id uuid NOT NULL DEFAULT gen_random_uuid(), upload_id text NOT NULL, size bigint NOT NULL DEFAULT 0, part_number integer NOT NULL, bucket_id text NOT NULL, key text NOT NULL, etag text NOT NULL, owner_id text, version text NOT NULL, created_at timestamp with time zone NOT NULL DEFAULT now());"
"CREATE TABLE supabase_migrations.schema_migrations (version text NOT NULL, statements ARRAY, name text);"
"CREATE TABLE supabase_migrations.seed_files (path text NOT NULL, hash text NOT NULL);"
"CREATE TABLE vault.secrets (id uuid NOT NULL DEFAULT gen_random_uuid(), name text, description text NOT NULL DEFAULT ''::text, secret text NOT NULL, key_id uuid DEFAULT (pgsodium.create_key()).id, nonce bytea DEFAULT pgsodium.crypto_aead_det_noncegen(), created_at timestamp with time zone NOT NULL DEFAULT CURRENT_TIMESTAMP, updated_at timestamp with time zone NOT NULL DEFAULT CURRENT_TIMESTAMP);"