﻿"table_name","column_name","data_type","is_nullable","column_default"
"account_credit_details","id","uuid","NO","gen_random_uuid()"
"account_credit_details","account_id","uuid","NO","null"
"account_credit_details","is_overdue","boolean","YES","false"
"account_credit_details","last_payment_amount","numeric","YES","null"
"account_credit_details","last_payment_date","date","YES","null"
"account_credit_details","last_statement_date","date","YES","null"
"account_credit_details","last_statement_balance","numeric","YES","null"
"account_credit_details","minimum_payment","numeric","YES","null"
"account_credit_details","next_payment_due_date","date","YES","null"
"account_credit_details","interest_rate","numeric","YES","null"
"account_credit_details","credit_limit","numeric","YES","null"
"account_credit_details","created_at","timestamp with time zone","YES","now()"
"account_credit_details","updated_at","timestamp with time zone","YES","now()"
"account_holdings","id","uuid","NO","gen_random_uuid()"
"account_holdings","account_id","uuid","NO","null"
"account_holdings","security_id","uuid","NO","null"
"account_holdings","cost_basis","numeric","YES","null"
"account_holdings","quantity","numeric","NO","null"
"account_holdings","institution_value","numeric","YES","null"
"account_holdings","institution_price","numeric","YES","null"
"account_holdings","institution_price_as_of","date","YES","null"
"account_holdings","created_at","timestamp with time zone","YES","now()"
"account_holdings","updated_at","timestamp with time zone","YES","now()"
"account_investments","id","uuid","NO","gen_random_uuid()"
"account_investments","account_id","uuid","NO","null"
"account_investments","retirement_account","boolean","YES","false"
"account_investments","tax_advantaged","boolean","YES","false"
"account_investments","contribution_ytd","numeric","YES","null"
"account_investments","ytd_interest_paid","numeric","YES","null"
"account_investments","ytd_dividend_income","numeric","YES","null"
"account_investments","total_fees_ytd","numeric","YES","null"
"account_investments","created_at","timestamp with time zone","YES","now()"
"account_investments","updated_at","timestamp with time zone","YES","now()"
"account_loan_details","id","uuid","NO","gen_random_uuid()"
"account_loan_details","account_id","uuid","NO","null"
"account_loan_details","origination_date","date","YES","null"
"account_loan_details","origination_principal","numeric","YES","null"
"account_loan_details","interest_rate","numeric","YES","null"
"account_loan_details","interest_rate_type","text","YES","null"
"account_loan_details","maturity_date","date","YES","null"
"account_loan_details","loan_term","integer","YES","null"
"account_loan_details","payment_amount","numeric","YES","null"
"account_loan_details","payment_frequency","text","YES","null"
"account_loan_details","next_payment_due_date","date","YES","null"
"account_loan_details","ytd_interest_paid","numeric","YES","null"
"account_loan_details","ytd_principal_paid","numeric","YES","null"
"account_loan_details","created_at","timestamp with time zone","YES","now()"
"account_loan_details","updated_at","timestamp with time zone","YES","now()"
"accounts","id","uuid","NO","gen_random_uuid()"
"accounts","user_id","uuid","NO","null"
"accounts","institution_id","text","YES","null"
"accounts","account_id","text","NO","null"
"accounts","name","text","NO","null"
"accounts","type","text","NO","null"
"accounts","subtype","text","YES","null"
"accounts","account_category","text","YES","null"
"accounts","current_balance","numeric","NO","null"
"accounts","available_balance","numeric","YES","null"
"accounts","mask","text","YES","null"
"accounts","official_name","text","YES","null"
"accounts","currency_code","text","YES","'USD'::text"
"accounts","hidden","boolean","YES","false"
"accounts","created_at","timestamp with time zone","YES","now()"
"accounts","updated_at","timestamp with time zone","YES","now()"
"accounts","limit","numeric","YES","null"
"accounts","iso_currency_code","text","YES","null"
"accounts","last_updated","timestamp with time zone","YES","now()"
"accounts","is_deleted","boolean","YES","false"
"accounts","is_hidden","boolean","YES","false"
"accounts","plaid_account_id","text","YES","null"
"accounts","is_investment_account","boolean","YES","false"
"accounts","is_debt_account","boolean","YES","false"
"accounts","debt_type","text","YES","null"
"accounts","interest_rate","numeric","YES","null"
"accounts","late_fee","numeric","YES","null"
"accounts","minimum_payment","numeric","YES","null"
"accounts","payment_due_date","date","YES","null"
"accounts","maturity_date","date","YES","null"
"accounts","available_credit","numeric","YES","null"
"accounts","credit_limit","numeric","YES","null"
"accounts","loan_balance","numeric","YES","null"
"accounts","origination_date","date","YES","null"
"accounts","payment_amount","numeric","YES","null"
"accounts","portfolio_value","numeric","YES","null"
"accounts","account_subtype","text","YES","null"
"accounts","is_investment","boolean","YES","false"
"institutions","id","uuid","NO","gen_random_uuid()"
"institutions","institution_id","text","NO","null"
"institutions","name","text","NO","null"
"institutions","logo","text","YES","null"
"institutions","created_at","timestamp with time zone","YES","now()"
"institutions","updated_at","timestamp with time zone","YES","now()"
"investment_transactions","id","uuid","NO","gen_random_uuid()"
"investment_transactions","account_id","uuid","NO","null"
"investment_transactions","security_id","uuid","YES","null"
"investment_transactions","transaction_id","text","NO","null"
"investment_transactions","date","date","NO","null"
"investment_transactions","name","text","YES","null"
"investment_transactions","type","text","NO","null"
"investment_transactions","quantity","numeric","YES","null"
"investment_transactions","amount","numeric","NO","null"
"investment_transactions","price","numeric","YES","null"
"investment_transactions","fees","numeric","YES","null"
"investment_transactions","created_at","timestamp with time zone","YES","now()"
"investment_transactions","updated_at","timestamp with time zone","YES","now()"
"plaid_items","id","uuid","NO","gen_random_uuid()"
"plaid_items","user_id","uuid","NO","null"
"plaid_items","item_id","text","NO","null"
"plaid_items","access_token","text","NO","null"
"plaid_items","status","text","YES","'active'::text"
"plaid_items","last_sync","timestamp with time zone","YES","now()"
"plaid_items","created_at","timestamp with time zone","YES","now()"
"plaid_items","updated_at","timestamp with time zone","YES","now()"
"plaid_items","last_successful_update","timestamp with time zone","YES","null"
"plaid_items","last_connection_time","timestamp with time zone","YES","null"
"plaid_items","connection_status","text","YES","'active'::text"
"plaid_items","update_type","text","YES","'initial'::text"
"plaid_items","next_hard_refresh","timestamp with time zone","YES","(now() + '90 days'::interval)"
"plaid_items","institution_id","text","YES","null"
"profiles","id","uuid","NO","null"
"profiles","email","text","NO","null"
"profiles","phone_number","text","YES","null"
"profiles","date_of_birth","date","YES","null"
"profiles","address","text","YES","null"
"profiles","employment_status","USER-DEFINED","YES","null"
"profiles","annual_income","numeric","YES","null"
"profiles","net_worth","numeric","YES","null"
"profiles","risk_tolerance","USER-DEFINED","YES","null"
"profiles","investment_experience","USER-DEFINED","YES","null"
"profiles","investment_timeline","USER-DEFINED","YES","null"
"profiles","retirement_age_goal","integer","YES","null"
"profiles","monthly_savings_goal","numeric","YES","null"
"profiles","investment_preferences","jsonb","YES","'{}'::jsonb"
"profiles","primary_financial_goal","USER-DEFINED","YES","null"
"profiles","secondary_financial_goal","USER-DEFINED","YES","null"
"profiles","current_retirement_savings","numeric","YES","null"
"profiles","target_retirement_savings","numeric","YES","null"
"profiles","current_savings","numeric","YES","null"
"profiles","life_expectancy","integer","YES","null"
"profiles","desired_monthly_income","numeric","YES","null"
"profiles","expected_social_security","numeric","YES","null"
"profiles","created_at","timestamp with time zone","YES","timezone('utc'::text, now())"
"profiles","updated_at","timestamp with time zone","YES","timezone('utc'::text, now())"
"profiles","first_name","text","YES","null"
"profiles","last_name","text","YES","null"
"profiles","tax_bracket","integer","YES","null"
"securities","id","uuid","NO","gen_random_uuid()"
"securities","security_id","text","NO","null"
"securities","name","text","NO","null"
"securities","ticker_symbol","text","YES","null"
"securities","isin","text","YES","null"
"securities","cusip","text","YES","null"
"securities","type","text","YES","null"
"securities","close_price","numeric","YES","null"
"securities","close_price_as_of","date","YES","null"
"securities","currency_code","text","YES","'USD'::text"
"securities","created_at","timestamp with time zone","YES","now()"
"securities","updated_at","timestamp with time zone","YES","now()"
"transactions","id","uuid","NO","gen_random_uuid()"
"transactions","account_id","uuid","NO","null"
"transactions","transaction_id","text","NO","null"
"transactions","amount","numeric","NO","null"
"transactions","date","date","NO","null"
"transactions","merchant_name","text","YES","null"
"transactions","category","text","YES","null"
"transactions","personal_finance_category","text","YES","null"
"transactions","pending","boolean","YES","false"
"transactions","description","text","YES","null"
"transactions","payment_channel","text","YES","null"
"transactions","created_at","timestamp with time zone","YES","now()"
"transactions","updated_at","timestamp with time zone","YES","now()"